ID,ACCOUNT_ID,CREATED_DATE,QUOTE_CREATED_DATE,QUOTE_SIGNED_DATE,QUOTE_MRR,IS_DELETED
0061i00000SKSfuAAH,0011i00000SAN8OAAX,2019-12-04,2022-02-03,,63,0
0061i000007lZJpAAM,0011i00000SAN8OAAX,2019-12-04,,,37,0
0061i00000SR1XqAAL,0011i00000f2V6IAAU,2020-06-25,2022-02-08,,77,0
0061i00000C18aWAAR,0011i00000f2V6IAAU,2020-06-25,2020-06-25,,73,0
0061i00000SIzN9AAL,0011i00001NbcXEAAZ,2022-02-01,2022-02-01,2022-02-03,71,0
0061i00000SIuhsAAD,0011i00001NbZMTAA3,2022-02-01,2022-02-01,,32,0
0061i00000SIwVRAA1,0011i00001NbaGpAAJ,2022-02-01,2022-02-01,,91,0
0061i00000SIzf5AAD,0011i00001NbcPcAAJ,2022-02-01,,,90,0
0061i00000SIvOaAAL,0011i00001NbZziAAF,2022-02-01,2022-02-01,,39,0
0061i00000U4xn0AAB,0011i00001NbdDqAAJ,2022-02-01,,,55,0
0061i00000SJ0KBAA1,0011i00001NbdDqAAJ,2022-02-01,2022-02-01,2022-02-01,74,0
0061i00000SIy36AAD,0011i00001NbbCzAAJ,2022-02-01,,,66,0
0061i00000SIqyUAAT,0011i00001NbXBJAA3,2022-02-01,2022-02-01,,41,0
0061i00000SJUM5AAP,0011i00001NbzciAAB,2022-02-02,,,56,0
0061i00000SJW2nAAH,0011i00001Nc12DAAR,2022-02-02,,,91,0
0061i00000SJb4sAAD,0011i00001Nc3kcAAB,2022-02-02,2022-02-02,2022-02-02,97,0
0061i00000SJRzJAAX,0011i00001Nbz3KAAR,2022-02-02,,,52,0
0061i00000SJj33AAD,0011i00001Nc9SlAAJ,2022-02-02,2022-02-02,,41,0
0061i00000SJZeGAAX,0011i00001Nc2n4AAB,2022-02-02,2022-02-02,,43,0
0061i00000SJeBsAAL,0011i00001Nc5UuAAJ,2022-02-02,2022-02-02,,31,0
0061i00000SJj2AAAT,0011i00001Nc9PCAAZ,2022-02-02,,,89,0
0061i00000SJPNzAAP,0011i00001NbwyFAAR,2022-02-02,2022-02-02,,95,0
0061i00000SJdD3AAL,0011i00001Nc4idAAB,2022-02-02,2022-02-02,2022-02-08,82,0
0061i00000SJlrvAAD,0011i00001NcB1ZAAV,2022-02-02,2022-02-02,2022-02-04,35,0
006AZ000002JHipYAG,0011i00001NcB1ZAAV,2022-02-02,2022-06-09,2022-06-09,41,0
006AZ000002cr4bYAA,0011i00001NcB1ZAAV,2022-02-02,,,68,0
0061i00000SJfSVAA1,0011i00001Nc7vgAAB,2022-02-02,2022-02-02,,82,0
0061i00000SJfTYAA1,0011i00001Nc60eAAB,2022-02-02,,,52,0
0061i00000SJVQoAAP,0011i00001Nc0H6AAJ,2022-02-02,2022-02-02,,87,0
0061i00000SJbmUAAT,0011i00001Nc40yAAB,2022-02-02,2022-02-02,,37,0
0061i00000SJWFxAAP,0011i00001Nc1BGAAZ,2022-02-02,2022-02-02,2022-02-02,62,0
0061i00000SJR7xAAH,0011i00001NbxmTAAR,2022-02-02,2022-02-02,,93,0
0061i00000SJq7iAAD,0011i00001NcDlLAAV,2022-02-02,2022-02-02,,60,0
0061i00000SJZeVAAX,0011i00001Nc2pUAAR,2022-02-02,2022-02-02,,41,0
0061i00000SJXHFAA5,0011i00001Nc1YyAAJ,2022-02-02,,,74,0
0061i00000SJlMMAA1,0011i00001NcAhfAAF,2022-02-02,2022-02-02,,54,0
006AZ000002s4XSYAY,0011i00001NcGarAAF,2022-02-02,2022-11-02,2022-11-02,50,0
0061i00000SJjEYAA1,0011i00001Nc9goAAB,2022-02-02,2022-02-02,2022-02-02,70,0
0061i00000SJo0EAAT,0011i00001NcC1EAAV,2022-02-02,,,73,0
0061i00000SJlMMAA1,0011i00001NcAhfAAF,2022-02-02,2022-02-02,,54,0
0061i00000SJjEYAA1,0011i00001Nc9goAAB,2022-02-02,2022-02-02,2022-02-02,70,0
0061i00000SJYBYAA5,0011i00001Nc2izAAB,2022-02-02,,,99,0
0061i00000SJrayAAD,0011i00001NcFLeAAN,2022-02-02,2022-02-02,,65,0
0061i00000SJraUAAT,0011i00001NcFHeAAN,2022-02-02,,,60,0
0061i00000SJr7JAAT,0011i00001NcEnvAAF,2022-02-02,2022-02-02,,96,0
0061i00000SJr79AAD,0011i00001NcEmqAAF,2022-02-02,2022-02-02,,45,0
0061i00000SJr6VAAT,0011i00001NcEiXAAV,2022-02-02,2022-02-02,2022-02-02,57,0
0061i00000SJrHnAAL,0011i00001NcEYDAA3,2022-02-02,,,100,0
0061i00000SJrDmAAL,0011i00001NcEq7AAF,2022-02-02,2022-02-02,2022-02-02,96,0
0061i00000SJc2TAAT,0011i00001Nc43EAAR,2022-02-02,2022-02-02,,85,0
0061i00000SJhuBAAT,0011i00001Nc940AAB,2022-02-02,,,90,0
006AZ000002R1MFYA0,0011i00001NcGarAAF,2022-02-02,2022-07-19,2022-07-21,82,0
0061i00000SJo12AAD,0011i00001NcC50AAF,2022-02-02,2022-02-02,,84,0
0061i00000SJpYiAAL,0011i00001NcDDsAAN,2022-02-02,2022-02-02,2022-02-28,55,0
0061i00000SJpx9AAD,0011i00001NcDdhAAF,2022-02-02,2022-02-02,2022-02-02,34,0
006AZ000002whKvYAI,0011i00001NcDdhAAF,2022-02-02,,,41,0
0061i00000SJpYdAAL,0011i00001NcDD9AAN,2022-02-02,2022-02-02,,66,0
0061i00000SJpJTAA1,0011i00001NcCvmAAF,2022-02-02,2022-02-02,,41,0
0061i00000SJpKMAA1,0011i00001NcCxpAAF,2022-02-02,2022-02-02,,83,0
0061i00000SJqJFAA1,0011i00001NcDv0AAF,2022-02-02,2022-02-02,2022-02-02,74,0
0061i00000SJXzcAAH,0011i00001Nc1xrAAB,2022-02-02,2022-02-02,2022-02-02,89,0
0061i00000SJcjPAAT,0011i00001Nc53wAAB,2022-02-02,,,100,0
0061i00000SJc3bAAD,0011i00001Nc4CkAAJ,2022-02-02,,,77,0
0061i00000SJkGrAAL,0011i00001NcA9pAAF,2022-02-02,2022-02-02,,74,0
0061i00000SJq7xAAD,0011i00001NcDmOAAV,2022-02-02,2022-02-02,,58,0
0061i00000SJZBKAA5,0011i00001Nc2YvAAJ,2022-02-02,2022-02-02,,85,0
0061i00000SJpmaAAD,0011i00001NcDRWAA3,2022-02-02,2022-02-02,,64,0
0061i00000SJpwpAAD,0011i00001NcDbbAAF,2022-02-02,2022-02-02,2022-02-02,62,0
0061i00000SJsYlAAL,0011i00001NcGarAAF,2022-02-02,2022-02-02,2022-02-02,67,0
0061i00000SJcbpAAD,0011i00001Nc4RoAAJ,2022-02-02,,,81,0
0061i00000SJoOSAA1,0011i00001NcCNHAA3,2022-02-02,2022-02-02,,65,0
0061i00000SJSzHAAX,0011i00001NbyeaAAB,2022-02-02,,,68,0
0061i00000UXOrlAAH,0011i00001NcCNHAA3,2022-02-02,2022-05-02,,80,0
006AZ000002dkZ1YAI,0011i00001NcB1ZAAV,2022-02-02,2022-09-08,2022-09-13,45,0
0061i00000SJn8TAAT,0011i00001NcBdCAAV,2022-02-02,2022-02-02,,75,0
0061i00000SJYJ3AAP,0011i00001Nc29AAAR,2022-02-02,,,86,0
0061i00000SJrRaAAL,0011i00001NcF4DAAV,2022-02-02,,,84,0
0061i00000SJTZtAAP,0011i00001NbyxbAAB,2022-02-02,,,68,0
0061i00000SJrSEAA1,0011i00001NcF8jAAF,2022-02-02,2022-02-02,2022-02-02,53,0
0061i00000SJrvoAAD,0011i00001NcFVzAAN,2022-02-02,2022-02-02,2022-02-02,60,0
0061i00000SJasfAAD,0011i00001Nc3P7AAJ,2022-02-02,2022-02-02,,68,0
0061i00000SJkGrAAL,0011i00001NcA9pAAF,2022-02-02,2022-02-02,,74,0
0061i00000SJYBYAA5,0011i00001Nc2izAAB,2022-02-02,,,99,0
0061i00000SJmVtAAL,0011i00001NcAQbAAN,2022-02-02,2022-02-02,2022-02-02,44,0
0061i00000SKNSNAA5,0011i00001O61HaAAJ,2022-02-03,,,98,0
0061i00000SKBsZAAX,0011i00001O5uTcAAJ,2022-02-03,2022-02-03,,55,0
0061i00000SKRRkAAP,0011i00001O690gAAB,2022-02-03,2022-02-03,2022-02-03,59,0
0061i00000SKOQnAAP,0011i00001O61heAAB,2022-02-03,2022-02-03,2022-02-03,44,0
0061i00000SK6IwAAL,0011i00001NcTZUAA3,2022-02-03,2022-02-03,,80,0
0061i00000SKGRKAA5,0011i00001O5w7AAAR,2022-02-03,2022-02-03,,37,0
0061i00000SK85vAAD,0011i00001O5rarAAB,2022-02-03,,,86,0
0061i00000SKGOnAAP,0011i00001O5vx1AAB,2022-02-03,2022-02-03,,67,0
0061i00000SK6J6AAL,0011i00001NcTaSAAV,2022-02-03,2022-03-10,,52,0
0061i00000SKGdHAAX,0011i00001O5wMfAAJ,2022-02-03,2022-02-03,,37,0
0061i00000SK891AAD,0011i00001O5rcGAAR,2022-02-03,2022-02-03,,88,0
0061i00000SK5SgAAL,0011i00001NcT2dAAF,2022-02-03,2022-02-03,2022-02-03,38,0
0061i00000SK8QMAA1,0011i00001O5rpUAAR,2022-02-03,2022-02-03,,86,0
0061i00000SK85WAAT,0011i00001O5rYtAAJ,2022-02-03,,,58,0
0061i00000SKJPJAA5,0011i00001O5z9FAAR,2022-02-03,2022-02-03,,60,0
0061i00000SK7TXAA1,0011i00001O5r11AAB,2022-02-03,2022-02-03,,62,0
0061i00000SKRH1AAP,0011i00001O68t3AAB,2022-02-03,2022-02-03,,48,0
0061i00000SKRQxAAP,0011i00001O69RIAAZ,2022-02-03,2022-02-03,,100,0
0061i00000SKRfUAAX,0011i00001O69VHAAZ,2022-02-03,2022-02-03,2022-02-04,70,0
0061i00000SKAY3AAP,0011i00001O5tMNAAZ,2022-02-03,2022-02-03,2022-03-04,70,0
0061i00000SKRQxAAP,0011i00001O69RIAAZ,2022-02-03,2022-02-03,,100,0
0061i00000SKQCpAAP,0011i00001O644aAAB,2022-02-03,2022-02-03,,45,0
0061i00000SKRSnAAP,0011i00001O68NJAAZ,2022-02-03,2022-02-03,,96,0
0061i00000SKKVmAAP,0011i00001O5zlYAAR,2022-02-03,2022-02-03,2022-02-03,51,0
0061i00000SKPNBAA5,0011i00001O5t3RAAR,2022-02-03,2022-02-03,,68,0
0061i00000SKQ9HAAX,0011i00001O63DwAAJ,2022-02-03,2022-02-03,2022-02-04,56,0
0061i00000SKPOdAAP,0011i00001O62JgAAJ,2022-02-03,,,96,0
0061i00000SKQC6AAP,0011i00001O63MdAAJ,2022-02-03,2022-02-03,,78,0
0061i00000SKQD9AAP,0011i00001O63pvAAB,2022-02-03,2022-02-03,,63,0
0061i00000SKMqIAAX,0011i00001O60uzAAB,2022-02-03,,,74,0
0061i00000SKJrOAAX,0011i00001O5zNHAAZ,2022-02-03,2022-02-03,,79,0
0061i00000SKRfKAAX,0011i00001O69TXAAZ,2022-02-03,2022-02-03,2022-02-03,49,0
0061i00000SKSBlAAP,0011i00001O6AHDAA3,2022-02-03,2022-02-03,2022-02-03,62,0
0061i00000SKSWvAAP,0011i00001O6AvsAAF,2022-02-03,2022-02-03,,60,0
0061i00000SKSwvAAH,0011i00001O69f5AAB,2022-02-03,2022-02-03,,67,0
0061i00000SKSCPAA5,0011i00001O6ARGAA3,2022-02-03,,,100,0
0061i00000SKTjEAAX,0011i00001O6BzNAAV,2022-02-03,,,84,0
0061i00000SKKrpAAH,0011i00001O5zxaAAB,2022-02-03,2022-02-03,,52,0
0061i00000SK9xKAAT,0011i00001O5sXSAAZ,2022-02-03,2022-02-03,,83,0
0061i00000SKMpAAAX,0011i00001O60r3AAB,2022-02-03,2022-02-03,2022-02-03,89,0
0061i00000SKOQjAAP,0011i00001O61mmAAB,2022-02-03,2022-02-03,,33,0
0061i00000SKNP3AAP,0011i00001O61A5AAJ,2022-02-03,2022-02-03,,37,0
0061i00000SKH18AAH,0011i00001O5wKYAAZ,2022-02-03,2022-02-03,,40,0
0061i00000SKR7BAAX,0011i00001O68ZEAAZ,2022-02-03,2022-02-03,2022-02-03,64,0
0061i00000SKNOyAAP,0011i00001O619WAAR,2022-02-03,2022-02-03,2022-02-03,100,0
0061i00000SKNQVAA5,0011i00001O61G4AAJ,2022-02-03,2022-02-03,,83,0
0061i00000SKAY3AAP,0011i00001O5tMNAAZ,2022-02-03,2022-02-03,2022-03-04,70,0
0061i00000SKCSnAAP,0011i00001O5uEiAAJ,2022-02-03,2022-02-15,2022-02-18,56,0
006AZ000002UyLjYAK,0011i00001O61heAAB,2022-02-03,,,39,0
0061i00000SKK9BAAX,0011i00001O5zSlAAJ,2022-02-03,2022-02-03,,58,0
006AZ000002M0SqYAK,0011i00001O60r3AAB,2022-02-03,,,66,0
0061i00000SKLhqAAH,0011i00001O60IyAAJ,2022-02-03,2022-02-03,,78,0
0061i00000SK8iuAAD,0011i00001O5s97AAB,2022-02-03,2022-02-03,,82,0
0061i00000SK7PdAAL,0011i00001O5rtVAAR,2022-02-03,2022-02-03,,39,0
0061i00000SK85MAAT,0011i00001O5rPOAAZ,2022-02-03,2022-02-03,,68,0
0061i00000SKNrmAAH,0011i00001O61CYAAZ,2022-02-03,,,85,0
0061i00000SKICAAA5,0011i00001O5xEvAAJ,2022-02-03,2022-02-03,2022-02-03,40,0
0061i00000SKLgbAAH,0011i00001O60JPAAZ,2022-02-03,2022-02-03,,33,0
0061i00000SK7UkAAL,0011i00001O5rEwAAJ,2022-02-03,2022-02-03,,57,0
0061i00000SKIXNAA5,0011i00001O5wuxAAB,2022-02-03,2022-02-03,2022-02-03,48,0
0061i00000SK5etAAD,0011i00001NcT5sAAF,2022-02-03,,,57,0
0061i00000SK853AAD,0011i00001O5rZDAAZ,2022-02-03,2022-02-03,,94,0
0061i00000SKJDPAA5,0011i00001O5yiMAAR,2022-02-03,2022-02-03,2022-02-04,95,0
0061i00000SKC7dAAH,0011i00001O5tg2AAB,2022-02-03,2022-02-03,,33,0
0061i00000SK9JPAA1,0011i00001NcTZzAAN,2022-02-03,2022-02-03,,38,0
0061i00000SK7MAAA1,0011i00001O5rANAAZ,2022-02-03,,,34,0
0061i00000SKRpiAAH,0011i00001O69b5AAB,2022-02-03,2022-02-03,,68,0
0061i00000SKSffAAH,0011i00001O6B5TAAV,2022-02-03,2022-02-03,,84,0
0061i00000SKSg9AAH,0011i00001O6BBDAA3,2022-02-03,2022-02-03,2022-03-03,61,0
0061i00000SK9uLAAT,0011i00001O5sUCAAZ,2022-02-03,,,37,0
0061i00000SKSCUAA5,0011i00001O6ARaAAN,2022-02-03,2022-02-03,,51,0
0061i00000SKSMMAA5,0011i00001O6Al4AAF,2022-02-03,2022-02-03,,74,0
0061i00000SKQRpAAP,0011i00001O64m5AAB,2022-02-03,2022-02-03,,90,0
0061i00000SKCw2AAH,0011i00001O5uCzAAJ,2022-02-03,2022-02-03,2022-02-03,88,0
0061i00000SKQCpAAP,0011i00001O644aAAB,2022-02-03,2022-02-03,,45,0
0061i00000SQcEQAA1,0011i00001O69VHAAZ,2022-02-03,2022-02-08,2022-02-08,35,0
0061i00000SKCw2AAH,0011i00001O5uCzAAJ,2022-02-03,2022-02-03,2022-02-03,88,0
0061i00000SKRfUAAX,0011i00001O69VHAAZ,2022-02-03,2022-02-03,2022-02-04,70,0
0061i00000SQcEQAA1,0011i00001O69VHAAZ,2022-02-03,2022-02-08,2022-02-08,35,0
0061i00000SKRoJAAX,0011i00001O68NJAAZ,2022-02-03,2022-02-03,2022-02-03,91,0
0061i00000SK9ZOAA1,0011i00001O5sOBAAZ,2022-02-03,2022-02-03,2022-02-03,79,0
0061i00000SKR5NAAX,0011i00001O68STAAZ,2022-02-03,2022-02-03,,83,0
0061i00000SKOwFAAX,0011i00001O6250AAB,2022-02-03,2022-02-03,2022-02-03,41,0
0061i00000SKQTdAAP,0011i00001O65rSAAR,2022-02-03,2022-02-03,,40,0
0061i00000SKOvvAAH,0011i00001O623WAAR,2022-02-03,2022-06-02,,46,0
0061i00000SKSXAAA5,0011i00001O6AxtAAF,2022-02-03,,,56,0
0061i00000SK3afAAD,0011i00001NcRtMAAV,2022-02-03,2022-02-03,,37,0
0061i00000SK9HnAAL,0011i00001O5s6KAAR,2022-02-03,2022-02-03,,60,0
0061i00000SPDmSAAX,0011i00001O6fRWAAZ,2022-02-04,2022-02-04,,39,0
0061i00000SKfT8AAL,0011i00001O6SqrAAF,2022-02-04,2022-02-04,2022-02-04,81,0
0061i00000SKf6HAAT,0011i00001O6SeyAAF,2022-02-04,2022-02-04,,79,0
0061i00000SKj5aAAD,0011i00001O6UbbAAF,2022-02-04,2022-02-04,,58,0
0061i00000SPA7oAAH,0011i00001O6coOAAR,2022-02-04,2022-02-04,2022-02-04,62,0
0061i00000SPC7lAAH,0011i00001O6dwEAAR,2022-02-04,2022-02-04,2022-02-04,56,0
0061i00000SP6KZAA1,0011i00001O6afxAAB,2022-02-04,2022-02-04,,73,0
0061i00000SPGFmAAP,0011i00001O6hHsAAJ,2022-02-04,,,89,0
006AZ000002MBWYYA4,0011i00001O6dMeAAJ,2022-02-04,2022-06-28,,44,0
0061i00000SPAeyAAH,0011i00001O6dnuAAB,2022-02-04,2022-02-04,,37,0
0061i00000SKiK9AAL,0011i00001O6VBPAA3,2022-02-04,2022-02-04,,58,0
0061i00000SKp1SAAT,0011i00001O6ZzJAAV,2022-02-04,2022-02-04,,65,0
0061i00000SPH47AAH,0011i00001O6i3mAAB,2022-02-04,2022-02-04,,32,0
0061i00000SPGQkAAP,0011i00001O6hYwAAJ,2022-02-04,2022-02-04,,84,0
0061i00000SPGO6AAP,0011i00001O6hgCAAR,2022-02-04,2022-02-04,2022-02-04,32,0
0061i00000SPHe5AAH,0011i00001O6iaXAAR,2022-02-04,2022-02-04,,98,0
0061i00000SPGcmAAH,0011i00001O6hkyAAB,2022-02-04,2022-02-04,2022-02-04,60,0
0061i00000SPA7UAAX,0011i00001O6cnaAAB,2022-02-04,2022-02-04,2022-02-04,47,0
0061i00000SKooiAAD,0011i00001O6XqyAAF,2022-02-04,,,57,0
0061i00000SP8XzAAL,0011i00001O6Xk6AAF,2022-02-04,2022-02-04,,55,0
0061i00000SKmpzAAD,0011i00001O6Wg6AAF,2022-02-04,2022-02-04,2022-02-04,46,0
0061i00000SPGcrAAH,0011i00001O6hlDAAR,2022-02-04,2022-02-04,,64,0
0061i00000SPEGSAA5,0011i00001O6fidAAB,2022-02-04,2022-02-12,2022-02-15,62,0
0061i00000SKloHAAT,0011i00001O6W5AAAV,2022-02-04,2022-02-04,,44,0
0061i00000SP7RnAAL,0011i00001O6bP1AAJ,2022-02-04,2022-02-04,,69,0
0061i00000SPC7lAAH,0011i00001O6dwEAAR,2022-02-04,2022-02-04,2022-02-04,56,0
0061i00000SKjEmAAL,0011i00001O6V38AAF,2022-02-04,2022-02-04,,72,0
0061i00000SKiyMAAT,0011i00001O6UXwAAN,2022-02-04,2022-02-04,2022-02-04,76,0
0061i00000SeCNDAA3,0011i00001O6UXwAAN,2022-02-04,2022-02-16,2022-02-16,61,0
0061i00000SKjk7AAD,0011i00001O6VCHAA3,2022-02-04,2022-02-04,,33,0
0061i00000SPFLTAA5,0011i00001O6gSXAAZ,2022-02-04,,,66,0
0061i00000Sch8oAAB,0011i00001O6gSXAAZ,2022-02-04,2022-02-14,2022-02-14,70,0
0061i00000SKqjJAAT,0011i00001O6YqYAAV,2022-02-04,2022-02-04,,74,0
0061i00000SPI8zAAH,0011i00001O6j0RAAR,2022-02-04,,,88,0
0061i00000SKpakAAD,0011i00001O6YEAAA3,2022-02-04,2022-02-04,,100,0
0061i00000SPHgiAAH,0011i00001O6iXiAAJ,2022-02-04,2022-02-04,,62,0
0061i00000SKlOZAA1,0011i00001O6VurAAF,2022-02-04,,,98,0
0061i00000SKiPiAAL,0011i00001O6W2pAAF,2022-02-04,2022-02-04,,95,0
0061i00000SKkcdAAD,0011i00001O6VTLAA3,2022-02-04,2022-02-04,,58,0
0061i00000SKnjMAAT,0011i00001O6XFrAAN,2022-02-04,2022-02-04,,83,0
0061i00000SKmWLAA1,0011i00001O6WVIAA3,2022-02-04,2022-02-04,,49,0
0061i00000SPBEgAAP,0011i00001O6dMeAAJ,2022-02-04,2022-02-04,2022-02-04,77,0
0061i00000SP94tAAD,0011i00001O6cENAAZ,2022-02-04,2022-02-04,2022-02-04,90,0
0061i00000SPAiaAAH,0011i00001O6d6wAAB,2022-02-04,2022-02-04,,48,0
0061i00000SP94UAAT,0011i00001O6cCBAAZ,2022-02-04,2022-02-04,2022-02-04,93,0
0061i00000SP7zYAAT,0011i00001O6bcSAAR,2022-02-04,2022-02-04,,59,0
0061i00000SP8RdAAL,0011i00001O6btWAAR,2022-02-04,2022-02-04,2022-02-04,72,0
0061i00000SKi4iAAD,0011i00001O6TuGAAV,2022-02-04,2022-02-04,2022-02-04,49,0
0061i00000SKh30AAD,0011i00001O6TNkAAN,2022-02-04,2022-02-04,,63,0
0061i00000SPHeAAAX,0011i00001O6iacAAB,2022-02-04,2022-02-07,,50,0
0061i00000SP6LXAA1,0011i00001O6aizAAB,2022-02-04,2022-02-09,2022-02-09,38,0
0061i00000SP50OAAT,0011i00001O6ZyKAAV,2022-02-04,,,31,0
0061i00000SPDLMAA5,0011i00001O6f8cAAB,2022-02-04,2022-02-04,,39,0
0061i00000SPF22AAH,0011i00001O6gD2AAJ,2022-02-04,2022-02-04,,72,0
0061i00000SPCntAAH,0011i00001O6exrAAB,2022-02-04,2022-02-04,2022-02-04,96,0
0061i00000SPDRGAA5,0011i00001O6fMnAAJ,2022-02-04,2022-02-04,,62,0
0061i00000SPFjRAAX,0011i00001O6gwxAAB,2022-02-04,2022-02-04,2022-02-14,63,0
0061i00000SPFNOAA5,0011i00001O6gakAAB,2022-02-04,2022-02-04,2022-02-04,96,0
0061i00000SP7w4AAD,0011i00001O6brvAAB,2022-02-04,2022-02-04,,79,0
0061i00000SPF27AAH,0011i00001O6gD7AAJ,2022-02-04,2022-02-04,,34,0
0061i00000SPGd1AAH,0011i00001O6hmVAAR,2022-02-04,2022-02-04,,94,0
0061i00000SPBoeAAH,0011i00001O6doJAAR,2022-02-04,2022-02-04,,99,0
0061i00000SPDljAAH,0011i00001O6fMdAAJ,2022-02-04,2022-02-04,2022-02-04,89,0
0061i00000SPAEcAAP,0011i00001O6dUkAAJ,2022-02-04,,,40,0
0061i00000SPCH7AAP,0011i00001O6dzIAAR,2022-02-04,2022-02-04,,88,0
0061i00000UW58XAAT,0011i00001O6j1AAAR,2022-02-04,,,74,0
0061i00000SPI94AAH,0011i00001O6j1AAAR,2022-02-04,2022-02-04,2022-02-07,71,0
0061i00000SPI9EAAX,0011i00001O6j2PAAR,2022-02-04,2022-02-04,,100,0
0061i00000SPEwAAAX,0011i00001O6fxLAAR,2022-02-04,,,75,0
0061i00000SPCzvAAH,0011i00001O6f9GAAR,2022-02-04,2022-02-04,,77,0
0061i00000SPWbmAAH,0011i00001O6vhaAAB,2022-02-05,2022-02-05,,93,0
0061i00000SPPhUAAX,0011i00001O6rAiAAJ,2022-02-05,2022-03-25,2022-03-25,76,0
0061i00000SPZZoAAP,0011i00001O6yduAAB,2022-02-05,2022-02-05,,34,0
0061i00000SPX40AAH,0011i00001O6wE6AAJ,2022-02-05,2022-02-05,,38,0
0061i00000SQ4ufAAD,0011i00001O7UxcAAF,2022-02-07,2022-02-07,,49,0
0061i00000SQON2AAP,0011i00001O7XLVAA3,2022-02-07,2022-02-07,,35,0
0061i00000SQ7DnAAL,0011i00001O7O8CAAV,2022-02-07,2022-02-07,,33,0
0061i00000SQImvAAH,0011i00001O7UUDAA3,2022-02-07,2022-02-07,,94,0
0061i00000SQGdlAAH,0011i00001O7TIyAAN,2022-02-07,2022-02-07,,84,0
0061i00000SPzfjAAD,0011i00001O7JvOAAV,2022-02-07,2022-02-07,,45,0
0061i00000SQH0aAAH,0011i00001O7Ta5AAF,2022-02-07,2022-02-07,2022-02-07,49,0
0061i00000SQMKdAAP,0011i00001O7WO0AAN,2022-02-07,2022-02-07,,46,0
0061i00000SQFaVAAX,0011i00001O7SyaAAF,2022-02-07,2022-02-07,,53,0
0061i00000SQFjJAAX,0011i00001O7SpwAAF,2022-02-07,,,100,0
0061i00000SQFXqAAP,0011i00001O7SaYAAV,2022-02-07,,,83,0
0061i00000SQFC2AAP,0011i00001O7SWXAA3,2022-02-07,2022-02-07,,49,0
0061i00000SQPpwAAH,0011i00001O7YFIAA3,2022-02-07,2022-02-07,,79,0
0061i00000SQIJpAAP,0011i00001O7UdcAAF,2022-02-07,2022-02-07,2022-02-07,76,0
0061i00000SQQdMAAX,0011i00001O7Yk7AAF,2022-02-07,2022-02-10,2022-02-14,41,0
0061i00000SQP0OAAX,0011i00001O7XmGAAV,2022-02-07,,,77,0
0061i00000SQ23JAAT,0011i00001O7KwYAAV,2022-02-07,2022-02-07,,98,0
0061i00000SQ1kgAAD,0011i00001O7Ky8AAF,2022-02-07,2022-02-07,,98,0
0061i00000SQIl3AAH,0011i00001O7Ua1AAF,2022-02-07,2022-02-07,2022-02-07,46,0
0061i00000SQJrUAAX,0011i00001O7UzMAAV,2022-02-07,2022-02-07,,95,0
0061i00000SQMH4AAP,0011i00001O7WMOAA3,2022-02-07,2022-02-07,2022-02-07,77,0
0061i00000SQ5UmAAL,0011i00001O7NOLAA3,2022-02-07,2022-02-07,,62,0
0061i00000SPwtzAAD,0011i00001O7KfFAAV,2022-02-07,2022-11-09,,61,0
0061i00000UAxcAAAT,0011i00001O7K5uAAF,2022-02-07,2022-04-21,2022-04-21,80,0
0061i00000SPz3KAAT,0011i00001O7K5uAAF,2022-02-07,2022-02-07,2022-02-07,57,0
0061i00000UAh7yAAD,0011i00001O7K5uAAF,2022-02-07,,,91,0
0061i00000SQDl1AAH,0011i00001O7Ri4AAF,2022-02-07,2022-02-07,2022-02-08,36,0
0061i00000SQFE7AAP,0011i00001O7Sl0AAF,2022-02-07,2022-02-07,2022-02-07,94,0
0061i00000SQHQCAA5,0011i00001O7TdsAAF,2022-02-07,2022-02-07,,36,0
0061i00000SQ1dvAAD,0011i00001O7KtWAAV,2022-02-07,2022-02-07,,52,0
0061i00000SQ4VjAAL,0011i00001O7Md5AAF,2022-02-07,,,31,0
0061i00000SQHQbAAP,0011i00001O7TcUAAV,2022-02-07,,,55,0
0061i00000SQOfaAAH,0011i00001O7XZ4AAN,2022-02-07,2022-02-07,,73,0
0061i00000SQRiQAAX,0011i00001O7ZegAAF,2022-02-07,2022-02-07,2022-02-07,72,0
0061i00000SQEwjAAH,0011i00001O7SKkAAN,2022-02-07,2022-02-07,2022-02-07,60,0
0061i00000SQ0N7AAL,0011i00001O7KGpAAN,2022-02-07,2022-02-07,2022-02-07,50,0
0061i00000SQF26AAH,0011i00001O7SPpAAN,2022-02-07,2022-02-07,2022-02-07,37,0
0061i00000SQFm8AAH,0011i00001O7SqGAAV,2022-02-07,2022-02-07,,46,0
0061i00000SQMKcAAP,0011i00001O7WNzAAN,2022-02-07,2022-02-07,,52,0
0061i00000SQMGzAAP,0011i00001O7WLuAAN,2022-02-07,2022-02-07,,74,0
0061i00000SQ7ALAA1,0011i00001O7OKhAAN,2022-02-07,,,63,0
0061i00000SPypeAAD,0011i00001O7Jr1AAF,2022-02-07,2022-02-07,,56,0
0061i00000SQJHiAAP,0011i00001O7Vc4AAF,2022-02-07,2022-02-07,2022-02-07,65,0
0061i00000SQQ84AAH,0011i00001O7YNlAAN,2022-02-07,2022-02-07,,89,0
0061i00000SQD4bAAH,0011i00001O7RJ2AAN,2022-02-07,2022-02-07,,68,0
0061i00000SQIfIAAX,0011i00001O7UKBAA3,2022-02-07,2022-02-07,,40,0
0061i00000SQHEHAA5,0011i00001O7TWTAA3,2022-02-07,2022-02-07,,76,0
0061i00000SQG51AAH,0011i00001O7TErAAN,2022-02-07,2022-02-07,,55,0
0061i00000SQ0NWAA1,0011i00001O7KIUAA3,2022-02-07,2022-02-07,2022-02-07,81,0
0061i00000SQK86AAH,0011i00001O7VI0AAN,2022-02-07,2022-02-07,,78,0
0061i00000SQFUrAAP,0011i00001O7SbBAAV,2022-02-07,,,93,0
0061i00000SQJHHAA5,0011i00001O7UjYAAV,2022-02-07,2022-02-07,,46,0
0061i00000SQRRsAAP,0011i00001O7ZQyAAN,2022-02-07,2022-02-11,2022-02-11,38,0
0061i00000SQONMAA5,0011i00001O7XNvAAN,2022-02-07,,,36,0
0061i00000SQO9vAAH,0011i00001O7XQ9AAN,2022-02-07,2022-02-07,,80,0
0061i00000SQQ68AAH,0011i00001O7YGHAA3,2022-02-07,,,55,0
0061i00000SQOM4AAP,0011i00001O7XGgAAN,2022-02-07,2022-05-16,,55,0
006AZ000002CDbPYAW,0011i00001O7QcMAAV,2022-02-07,2022-05-25,2022-05-25,59,0
0061i00000SQBs0AAH,0011i00001O7Qi2AAF,2022-02-07,,,62,0
0061i00000SQL5OAAX,0011i00001O7VgVAAV,2022-02-07,,,37,0
0061i00000SQPjKAAX,0011i00001O7Y1pAAF,2022-02-07,,,86,0
0061i00000SQQ6hAAH,0011i00001O7YK4AAN,2022-02-07,2022-02-07,,91,0
0061i00000SPutHAAT,0011i00001O7HZpAAN,2022-02-07,,,82,0
0061i00000SPvTlAAL,0011i00001O7H82AAF,2022-02-07,2022-02-07,,90,0
0061i00000SQNgNAAX,0011i00001O7WyrAAF,2022-02-07,,,51,0
0061i00000SQO1LAAX,0011i00001O7X6cAAF,2022-02-07,2022-02-07,,99,0
0061i00000SQO1VAAX,0011i00001O7X7LAAV,2022-02-07,2022-02-07,,66,0
0061i00000SQQLcAAP,0011i00001O7YRnAAN,2022-02-07,2022-02-07,2022-02-07,30,1
0061i00000SQUHWAA5,0011i00001O7dFDAAZ,2022-02-07,2022-02-08,2022-02-08,61,0
0061i00000SQUFjAAP,0011i00001O7d8QAAR,2022-02-07,,,55,0
0061i00000SQQkcAAH,0011i00001O7YmnAAF,2022-02-07,2022-02-07,2022-02-22,50,0
0061i00000SQQ6SAAX,0011i00001O7YHZAA3,2022-02-07,2022-02-07,,93,0
0061i00000SQQsgAAH,0011i00001O7YrzAAF,2022-02-07,2022-02-07,,96,0
0061i00000SQPjQAAX,0011i00001O7Y9WAAV,2022-02-07,2022-02-07,,70,0
0061i00000SQQLcAAP,0011i00001O7YRnAAN,2022-02-07,2022-02-07,2022-02-07,30,0
0061i00000SQRvoAAH,0011i00001O7ZjRAAV,2022-02-07,2022-02-07,2022-02-07,34,0
0061i00000UWXo5AAH,0011i00001O7ZjRAAV,2022-02-07,,,82,0
0061i00000SQMKdAAP,0011i00001O7WO0AAN,2022-02-07,2022-02-07,,46,0
0061i00000SQPpHAAX,0011i00001O7Y8dAAF,2022-02-07,2022-02-07,,64,0
0061i00000SQSAvAAP,0011i00001O7ZzKAAV,2022-02-07,2022-02-07,,80,0
0061i00000SQSNbAAP,0011i00001O7a6bAAB,2022-02-07,,,74,0
0061i00000SQS5VAAX,0011i00001O7ZwEAAV,2022-02-07,2022-02-07,,92,0
0061i00000SQRSMAA5,0011i00001O7ZSCAA3,2022-02-07,2022-02-07,2022-02-07,46,0
0061i00000SQRRxAAP,0011i00001O7ZRmAAN,2022-02-07,2022-02-07,,45,0
0061i00000SQRKGAA5,0011i00001O7ZKuAAN,2022-02-07,2022-02-07,,91,0
0061i00000SQJsOAAX,0011i00001O7V1pAAF,2022-02-07,,,65,0
0061i00000SQ4VtAAL,0011i00001O7MhIAAV,2022-02-07,2022-02-07,,32,0
0061i00000SQOtrAAH,0011i00001O7Xg1AAF,2022-02-07,,,51,0
0061i00000Sx4qkAAB,0011i00001O7Ua1AAF,2022-02-07,2022-02-23,2022-02-24,88,0
0061i00000SQGnoAAH,0011i00001O7TJSAA3,2022-02-07,2022-02-07,,59,0
0061i00000SQMV0AAP,0011i00001O7WS1AAN,2022-02-07,2022-02-07,,96,0
0061i00000SQ0MiAAL,0011i00001O7KEYAA3,2022-02-07,2022-02-07,2022-02-07,69,0
0061i00000SQK3AAAX,0011i00001O7VOUAA3,2022-02-07,2022-02-07,2022-02-07,72,0
0061i00000SQKTeAAP,0011i00001O7UxOAAV,2022-02-07,2022-02-16,2022-02-17,36,0
0061i00000SQLObAAP,0011i00001O7WKlAAN,2022-02-07,2022-02-07,2022-02-07,53,0
0061i00000SQRCWAA5,0011i00001O7ZGjAAN,2022-02-07,2022-02-07,2022-02-07,64,0
0061i00000SQOf6AAH,0011i00001O7XWDAA3,2022-02-07,2022-02-07,,90,0
0061i00000SQNcfAAH,0011i00001O7WrgAAF,2022-02-07,2022-02-07,,35,0
0061i00000SQQLSAA5,0011i00001O7YQuAAN,2022-02-07,2022-02-07,,57,0
0061i00000SQOfpAAH,0011i00001O7Xa7AAF,2022-02-07,2022-02-07,2022-02-07,88,0
0061i00000SQPt0AAH,0011i00001O7YFsAAN,2022-02-07,2022-02-07,2022-02-07,39,0
0061i00000SQQsMAAX,0011i00001O7Yq7AAF,2022-02-07,2022-02-07,2022-02-07,96,0
006AZ000002dAX3YAM,0011i00001O7QcMAAV,2022-02-07,2022-09-06,2022-09-06,31,0
0061i00000SQNe2AAH,0011i00001O7WvVAAV,2022-02-07,2022-02-07,,37,0
0061i00000SQHQ2AAP,0011i00001O7TdiAAF,2022-02-07,2022-02-07,,82,0
0061i00000SQL5TAAX,0011i00001O7VhuAAF,2022-02-07,2022-02-07,,31,0
0061i00000SQHQ2AAP,0011i00001O7TdiAAF,2022-02-07,2022-02-07,,82,0
0061i00000SQHFAAA5,0011i00001O7TcxAAF,2022-02-07,2022-02-07,,74,0
0061i00000SQ8KhAAL,0011i00001O7RIXAA3,2022-02-07,2022-02-07,,80,0
0061i00000SPyKLAA1,0011i00001O7JDPAA3,2022-02-07,2022-02-07,2022-02-07,52,0
0061i00000SQ1kvAAD,0011i00001O7KySAAV,2022-02-07,2022-02-07,2022-02-07,100,0
0061i00000SPwtoAAD,0011i00001O7IZLAA3,2022-02-07,2022-02-07,,60,0
0061i00000SQ1FWAA1,0011i00001O7KpkAAF,2022-02-07,,,84,0
0061i00000SQIdHAAX,0011i00001O7UFWAA3,2022-02-07,2022-02-07,,39,0
0061i00000SQEN5AAP,0011i00001O7S2yAAF,2022-02-07,2022-02-07,,73,0
0061i00000SQISZAA5,0011i00001O7UIqAAN,2022-02-07,,,90,0
0061i00000SQN9iAAH,0011i00001O7Wk3AAF,2022-02-07,,,60,0
0061i00000SQBk9AAH,0011i00001O7QcMAAV,2022-02-07,2022-02-07,2022-02-07,31,0
0061i00000SR6wkAAD,0011i00001O8JVvAAN,2022-02-08,2022-02-08,2022-02-08,71,0
0061i00000SR3IEAA1,0011i00001O8FjaAAF,2022-02-08,2022-02-08,,35,0
0061i00000SR0D1AAL,0011i00001O8CdBAAV,2022-02-08,2022-02-08,,86,0
0061i00000SR78xAAD,0011i00001O8JmUAAV,2022-02-08,2022-02-08,2022-02-08,86,0
0061i00000SR8qBAAT,0011i00001O8LioAAF,2022-02-08,2022-02-08,2022-02-08,94,0
0061i00000SQseiAAD,0011i00001O860mAAB,2022-02-08,2022-02-08,,52,0
0061i00000SQfIZAA1,0011i00001O7w6PAAR,2022-02-08,2022-02-08,,89,0
0061i00000SQzqSAAT,0011i00001O8CWCAA3,2022-02-08,2022-02-08,,54,0
0061i00000SQv90AAD,0011i00001O8AgMAAV,2022-02-08,2022-02-08,,36,0
0061i00000SQxC2AAL,0011i00001O8Ad8AAF,2022-02-08,,,32,0
0061i00000SR1YAAA1,0011i00001O8E7dAAF,2022-02-08,2022-02-08,,92,0
0061i00000SQmuLAAT,0011i00001O81BTAAZ,2022-02-08,2022-02-15,2022-02-15,93,0
0061i00000SQo8hAAD,0011i00001O81Y1AAJ,2022-02-08,2022-02-11,2022-02-11,77,0
0061i00000SQe3FAAT,0011i00001O7vnlAAB,2022-02-08,2022-02-08,,53,0
0061i00000SR0wLAAT,0011i00001O8DknAAF,2022-02-08,2022-02-08,2022-02-08,42,0
0061i00000SR8beAAD,0011i00001O8L7dAAF,2022-02-08,2022-02-08,,60,0
0061i00000SR22fAAD,0011i00001O8EmdAAF,2022-02-08,2022-02-08,2022-02-14,33,0
0061i00000SR587AAD,0011i00001O8HrhAAF,2022-02-08,,,80,0
0061i00000SR8L7AAL,0011i00001O8K9uAAF,2022-02-08,2022-02-08,,65,0
0061i00000SR8JdAAL,0011i00001O8KtwAAF,2022-02-08,2022-02-08,2022-02-08,86,0
0061i00000SR2ISAA1,0011i00001O8EvRAAV,2022-02-08,2022-02-08,2022-02-08,99,0
0061i00000SQyKCAA1,0011i00001O8BMLAA3,2022-02-08,2022-02-09,2022-02-09,32,0
0061i00000SQoVvAAL,0011i00001O829ZAAR,2022-02-08,2022-02-08,,71,0
0061i00000SR9RVAA1,0011i00001O8MEuAAN,2022-02-08,2022-02-08,,81,0
0061i00000SQwozAAD,0011i00001O8AbnAAF,2022-02-08,2022-02-08,,34,0
0061i00000SQyslAAD,0011i00001O8BihAAF,2022-02-08,2022-02-08,,78,0
0061i00000SsKz5AAF,0011i00001O8KTrAAN,2022-02-08,2022-03-01,2022-03-01,47,0
0061i00000SQvXrAAL,0011i00001O89qYAAR,2022-02-08,,,70,0
0061i00000SQyYNAA1,0011i00001O8BXBAA3,2022-02-08,2022-02-08,,70,0
0061i00000SR0k6AAD,0011i00001O8DzpAAF,2022-02-08,,,41,0
0061i00000SR2PpAAL,0011i00001O8F3GAAV,2022-02-08,2022-02-08,2022-02-08,84,0
0061i00000SR3NTAA1,0011i00001O8FvgAAF,2022-02-08,2022-02-08,,52,0
0061i00000SR8q1AAD,0011i00001O8LmsAAF,2022-02-08,2022-02-08,,100,0
0061i00000SQz4JAAT,0011i00001O8Bq7AAF,2022-02-08,,,81,0
0061i00000SQy2fAAD,0011i00001O8BItAAN,2022-02-08,2022-02-08,,60,0
0061i00000SR8qkAAD,0011i00001O8LpRAAV,2022-02-08,2022-02-08,,65,0
0061i00000SR7SmAAL,0011i00001O8K8tAAF,2022-02-08,2022-02-08,,53,0
0061i00000SQZT0AAP,0011i00001O7vGHAAZ,2022-02-08,2022-02-08,,38,0
0061i00000SR6hYAAT,0011i00001O8JKNAA3,2022-02-08,2022-02-08,,32,0
0061i00000SR6xdAAD,0011i00001O8JcaAAF,2022-02-08,2022-03-24,2022-03-24,78,0
0061i00000SR0vSAAT,0011i00001O8DcQAAV,2022-02-08,2022-02-08,,55,0
0061i00000SR25EAAT,0011i00001O8Ec7AAF,2022-02-08,2022-02-08,,75,0
0061i00000SR9cTAAT,0011i00001O8MPkAAN,2022-02-08,,,46,0
0061i00000SR8KdAAL,0011i00001O8KyIAAV,2022-02-08,2022-02-08,,99,0
0061i00000SR09sAAD,0011i00001O8CcVAAV,2022-02-08,2022-02-08,2022-02-08,69,0
0061i00000SR4myAAD,0011i00001O8H7wAAF,2022-02-08,,,50,0
0061i00000SR2jOAAT,0011i00001O8FTnAAN,2022-02-08,2022-02-08,,45,0
0061i00000SR9H6AAL,0011i00001O8MBaAAN,2022-02-08,2022-02-08,,44,0
0061i00000SR6QBAA1,0011i00001O8Is8AAF,2022-02-08,2022-02-08,,78,0
0061i00000SR5CSAA1,0011i00001O8GVeAAN,2022-02-08,2022-06-20,2022-06-20,63,0
0061i00000SRAHEAA5,0011i00001O8N3iAAF,2022-02-08,2022-02-15,2022-02-15,76,0
0061i00000SQfPzAAL,0011i00001O7w49AAB,2022-02-08,2022-02-08,,55,0
0061i00000Tv4z8AAB,0011i00001O7w9JAAR,2022-02-08,,,41,0
0061i00000SQgDUAA1,0011i00001O7wRLAAZ,2022-02-08,2022-02-08,2022-02-08,38,0
0061i00000SQdh1AAD,0011i00001O7w16AAB,2022-02-08,2022-02-08,,32,0
0061i00000SQjbFAAT,0011i00001O7yS1AAJ,2022-02-08,2022-02-08,,54,0
0061i00000SQxC2AAL,0011i00001O8Ad8AAF,2022-02-08,,,32,0
0061i00000SQvG1AAL,0011i00001O89cgAAB,2022-02-08,2022-03-04,2022-03-09,62,0
0061i00000SQigfAAD,0011i00001O7yKQAAZ,2022-02-08,2022-02-08,,70,0
0061i00000SQzqSAAT,0011i00001O8CWCAA3,2022-02-08,2022-02-08,,54,0
0061i00000SR8aqAAD,0011i00001O8L4mAAF,2022-02-08,,,30,1
0061i00000SR6xxAAD,0011i00001O8IwlAAF,2022-02-08,2022-02-08,2022-02-08,32,0
0061i00000SQmCrAAL,0011i00001O80YxAAJ,2022-02-08,2022-02-08,2022-02-08,31,0
0061i00000SQqf4AAD,0011i00001O84M5AAJ,2022-02-08,2022-02-08,,93,0
0061i00000SQlYrAAL,0011i00001O7ztlAAB,2022-02-08,2022-02-08,2022-02-08,68,0
0061i00000SQqK3AAL,0011i00001O84MPAAZ,2022-02-08,2022-02-08,2022-02-08,96,0
0061i00000SQpz8AAD,0011i00001O83nCAAR,2022-02-08,2022-02-08,,81,0
0061i00000SQq01AAD,0011i00001O83vyAAB,2022-02-08,2022-02-08,,84,0
0061i00000SQxgCAAT,0011i00001O8AqgAAF,2022-02-08,2022-02-08,,55,0
0061i00000SQvG1AAL,0011i00001O89cgAAB,2022-02-08,2022-03-04,2022-03-09,62,0
0061i00000SQjbPAAT,0011i00001O7ySBAAZ,2022-02-08,2022-02-08,,57,0
0061i00000SQiXEAA1,0011i00001O7yggAAB,2022-02-08,2022-02-08,,95,0
0061i00000SQh4AAAT,0011i00001O7xUrAAJ,2022-02-08,2022-02-08,2022-05-20,100,0
0061i00000SQiviAAD,0011i00001O7xnNAAR,2022-02-08,2022-02-08,2022-02-08,30,0
0061i00000SQjC6AAL,0011i00001O7yJXAAZ,2022-02-08,2022-02-08,,99,0
0061i00000SRT7uAAH,0011i00001O7y21AAB,2022-02-08,2022-02-09,2022-02-09,91,0
0061i00000SQjWIAA1,0011i00001O7zKoAAJ,2022-02-08,2022-02-08,2022-02-08,42,0
0061i00000SR8aqAAD,0011i00001O8L4mAAF,2022-02-08,,,30,0
0061i00000SR7f8AAD,0011i00001O8KIDAA3,2022-02-08,2022-02-09,,51,0
0061i00000SR0wGAAT,0011i00001O8Dk4AAF,2022-02-08,,,47,0
0061i00000SQyJnAAL,0011i00001O8BIdAAN,2022-02-08,,,35,0
0061i00000SQy4eAAD,0011i00001O8BQeAAN,2022-02-08,2022-02-08,,81,0
0061i00000SQxBdAAL,0011i00001O8Ac2AAF,2022-02-08,2022-02-08,,55,0
0061i00000SR7TQAA1,0011i00001O8Jn9AAF,2022-02-08,2022-02-08,,100,0
0061i00000SR5IVAA1,0011i00001O8I0eAAF,2022-02-08,,,47,0
0061i00000SR2m9AAD,0011i00001O8GSlAAN,2022-02-08,2022-02-08,2022-02-09,61,0
0061i00000SQwErAAL,0011i00001O8AByAAN,2022-02-08,2022-02-08,,98,0
0061i00000SR26WAAT,0011i00001O8EqGAAV,2022-02-08,2022-02-08,,70,0
0061i00000SR4NeAAL,0011i00001O8Gy2AAF,2022-02-08,2022-02-08,,91,0
0061i00000SQt9xAAD,0011i00001O86TkAAJ,2022-02-08,2022-02-16,2022-02-16,48,0
0061i00000SR6hTAAT,0011i00001O8JGlAAN,2022-02-08,,,56,0
0061i00000SR1csAAD,0011i00001O8EiXAAV,2022-02-08,2022-02-08,,67,0
0061i00000SQfHHAA1,0011i00001O7w4mAAB,2022-02-08,2022-02-08,,95,0
0061i00000SR7ipAAD,0011i00001O8KTrAAN,2022-02-08,2022-02-08,2022-02-09,83,0
0061i00000SR1X2AAL,0011i00001O8E4PAAV,2022-02-08,,,39,0
0061i00000SR5ajAAD,0011i00001O8I9iAAF,2022-02-08,2022-02-08,2022-02-08,69,0
0061i00000SQv90AAD,0011i00001O8AgMAAV,2022-02-08,2022-02-08,,36,0
0061i00000SR7SDAA1,0011i00001O8K5UAAV,2022-02-08,2022-02-08,,66,0
0061i00000SR7iuAAD,0011i00001O8KUBAA3,2022-02-08,2022-02-08,,55,0
0061i00000SR94fAAD,0011i00001O8M1BAAV,2022-02-08,2022-02-10,,55,0
0061i00000SR8pcAAD,0011i00001O8Lj2AAF,2022-02-08,2022-02-08,,45,0
0061i00000SQzSkAAL,0011i00001O8C9AAAV,2022-02-08,2022-02-08,,77,0
0061i00000SQxlbAAD,0011i00001O8B2YAAV,2022-02-08,2022-02-08,,33,0
0061i00000SR25xAAD,0011i00001O8E3DAAV,2022-02-08,2022-02-08,,39,0
0061i00000SR4fKAAT,0011i00001O8HPiAAN,2022-02-08,2022-02-09,,94,0
0061i00000SR4NUAA1,0011i00001O8GqHAAV,2022-02-08,2022-02-08,,95,0
0061i00000SR5E4AAL,0011i00001O8HxAAAV,2022-02-08,2022-02-08,,53,0
0061i00000SR8bAAAT,0011i00001O8L6QAAV,2022-02-08,2022-02-08,2022-02-08,77,0
0061i00000SQfWzAAL,0011i00001O7w9JAAR,2022-02-08,2022-02-08,2022-02-08,88,0
0061i00000T8KSZAA3,0011i00001O7wRLAAZ,2022-02-08,2022-03-02,,69,0
0061i00000SQicvAAD,0011i00001O7xfNAAR,2022-02-08,2022-02-08,,95,0
0061i00000SQigfAAD,0011i00001O7yKQAAZ,2022-02-08,2022-02-08,,70,0
0061i00000SQx0tAAD,0011i00001O8Ad8AAF,2022-02-08,2022-02-08,,84,0
0061i00000SR4p9AAD,0011i00001O8HkjAAF,2022-02-08,2022-02-08,,41,0
0061i00000SQx0tAAD,0011i00001O8Ad8AAF,2022-02-08,2022-02-08,,84,0
0061i00000SR2LjAAL,0011i00001O8FHLAA3,2022-02-08,2022-02-08,,42,0
006AZ000002Wb5fYAC,0011i00001O7ztlAAB,2022-02-08,2022-08-11,,48,0
0061i00000SQopXAAT,0011i00001O82ixAAB,2022-02-08,2022-02-08,,93,0
0061i00000SQnhnAAD,0011i00001O81ebAAB,2022-02-08,2022-02-08,,38,0
0061i00000SQokbAAD,0011i00001O82MQAAZ,2022-02-08,,,43,0
0061i00000SQksmAAD,0011i00001O7z5KAAR,2022-02-08,2022-02-08,,46,0
0061i00000SQmEtAAL,0011i00001O81SLAAZ,2022-02-08,2022-02-08,,93,0
0061i00000SQpM6AAL,0011i00001O82zgAAB,2022-02-08,2022-02-08,,41,0
0061i00000SQn0GAAT,0011i00001O7zmeAAB,2022-02-08,2022-02-08,2022-02-08,52,0
0061i00000SR6E7AAL,0011i00001O8IkhAAF,2022-02-08,2022-02-08,,94,0
0061i00000SQf7qAAD,0011i00001O7w8VAAR,2022-02-08,2022-02-08,,38,0
0061i00000SR5ANAA1,0011i00001O8HuYAAV,2022-02-08,2022-02-08,2022-04-05,75,0
0061i00000SQjb5AAD,0011i00001O7yRIAAZ,2022-02-08,2022-02-08,2022-02-08,42,0
0061i00000SQu5aAAD,0011i00001O87NmAAJ,2022-02-08,2022-02-08,,48,0
0061i00000SQhtdAAD,0011i00001O7xCfAAJ,2022-02-08,,,90,0
0061i00000SR7iQAAT,0011i00001O8KNtAAN,2022-02-08,2022-02-08,2022-02-08,80,0
0061i00000SQj75AAD,0011i00001O7y21AAB,2022-02-08,2022-02-08,2022-02-08,77,0
0061i00000Srbh4AAB,0011i00001O7y21AAB,2022-02-08,2022-02-22,,34,0
0061i00000SRmhvAAD,0011i00001O8m9gAAB,2022-02-09,2022-02-09,2022-02-10,77,0
0061i00000SRovJAAT,0011i00001O8pb6AAB,2022-02-09,2022-02-21,2022-02-22,93,0
0061i00000SRe2dAAD,0011i00001O8fVbAAJ,2022-02-09,2022-02-09,,70,0
0061i00000SRiLkAAL,0011i00001O8hmzAAB,2022-02-09,,,51,0
0061i00000SRjftAAD,0011i00001O8kWiAAJ,2022-02-09,2022-02-09,,69,0
0061i00000SRix4AAD,0011i00001O8iKXAAZ,2022-02-09,,,58,0
006AZ000002GHr0YAG,0011i00001O8fQ4AAJ,2022-02-09,2022-06-03,2022-06-03,72,0
0061i00000SRk6kAAD,0011i00001O8jqfAAB,2022-02-09,2022-02-09,,66,0
0061i00000SRfrMAAT,0011i00001O8gMaAAJ,2022-02-09,2022-02-09,2022-02-09,81,0
0061i00000SRmtcAAD,0011i00001O8kUsAAJ,2022-02-09,,,93,0
0061i00000SRRQLAA5,0011i00001O8YezAAF,2022-02-09,2022-02-09,2022-02-09,56,0
0061i00000SRV15AAH,0011i00001O8b0pAAB,2022-02-09,2022-02-09,,85,0
0061i00000SRoXbAAL,0011i00001O8pEQAAZ,2022-02-09,2022-02-09,,98,0
0061i00000SRoN2AAL,0011i00001O8p0OAAR,2022-02-09,2022-02-09,,38,0
0061i00000SS933AAD,0011i00001O8YeKAAV,2022-02-09,2022-02-11,2022-02-14,96,0
0061i00000SRfDMAA1,0011i00001O8g4jAAB,2022-02-09,2022-02-09,,92,0
0061i00000SRWIHAA5,0011i00001O8bcVAAR,2022-02-09,2022-02-09,2022-02-09,82,0
0061i00000SRecRAAT,0011i00001O8fp6AAB,2022-02-09,2022-02-09,,46,0
0061i00000SReOoAAL,0011i00001O8fg4AAB,2022-02-09,2022-02-14,2022-02-25,86,0
0061i00000SROtyAAH,0011i00001O8X9AAAV,2022-02-09,2022-02-09,,74,0
0061i00000T8GzSAAV,0011i00001O8cZDAAZ,2022-02-09,2022-03-02,2022-03-03,82,0
0061i00000SRmi5AAD,0011i00001O8mApAAJ,2022-02-09,,,31,0
0061i00000SRQoRAAX,0011i00001O8YQ1AAN,2022-02-09,,,79,0
0061i00000U38EIAAZ,0011i00001O8fgTAAR,2022-02-09,2022-06-24,,88,0
0061i00000SRUNjAAP,0011i00001O8ajJAAR,2022-02-09,2022-02-09,2022-02-09,94,0
0061i00000SSqhlAAD,0011i00001O8ppYAAR,2022-02-09,2022-02-11,,41,0
0061i00000SSsHQAA1,0011i00001O8ppYAAR,2022-02-09,2022-02-11,2022-02-11,85,0
0061i00000SRX7wAAH,0011i00001O8c2KAAR,2022-02-09,2022-02-09,,88,0
0061i00000SRhHnAAL,0011i00001O8hXBAAZ,2022-02-09,2022-02-09,,96,0
0061i00000SRTjtAAH,0011i00001O8aCrAAJ,2022-02-09,2022-02-09,2022-02-09,99,0
0061i00000SRQ8uAAH,0011i00001O8XxRAAV,2022-02-09,2022-02-09,2022-02-09,73,0
0061i00000UCrIcAAL,0011i00001O8fgTAAR,2022-02-09,2022-04-21,,79,0
0061i00000SRO1uAAH,0011i00001O8WkEAAV,2022-02-09,2022-02-09,,79,0
0061i00000SRercAAD,0011i00001O8g5DAAR,2022-02-09,2022-02-09,,84,0
006AZ0000029M27YAE,0011i00001O8bcQAAR,2022-02-09,2022-05-12,2022-05-12,81,0
0061i00000SRWICAA5,0011i00001O8bcQAAR,2022-02-09,2022-05-11,2022-05-11,49,0
0061i00000SRSR1AAP,0011i00001O8ZCpAAN,2022-02-09,2022-02-09,,79,0
0061i00000SRoJPAA1,0011i00001O8ovJAAR,2022-02-09,2022-02-09,,34,0
0061i00000SRhOUAA1,0011i00001O8hawAAB,2022-02-09,2022-02-09,,80,0
0061i00000SRQ9iAAH,0011i00001O8XXTAA3,2022-02-09,2022-02-09,,65,0
0061i00000SRePwAAL,0011i00001O8fgTAAR,2022-02-09,2022-02-25,,81,0
0061i00000SReauAAD,0011i00001O8fkQAAR,2022-02-09,2022-02-09,,68,0
0061i00000SRnyyAAD,0011i00001O8oMAAAZ,2022-02-09,2022-02-09,2022-02-09,72,0
0061i00000SRMDlAAP,0011i00001O8VsHAAV,2022-02-09,2022-02-09,,88,0
0061i00000SRTUGAA5,0011i00001O8aO0AAJ,2022-02-09,2022-02-09,,46,0
0061i00000SRksBAAT,0011i00001O8k2NAAR,2022-02-09,,,51,0
0061i00000SRdzzAAD,0011i00001O8fTeAAJ,2022-02-09,,,68,0
0061i00000SRNabAAH,0011i00001O8WWvAAN,2022-02-09,2022-02-09,2022-02-09,71,0
0061i00000SRWI7AAP,0011i00001O8bcLAAR,2022-02-09,2022-02-09,,69,0
0061i00000TbmORAAZ,0011i00001O8pR2AAJ,2022-02-09,2022-03-16,2022-03-16,80,0
0061i00000SRPXjAAP,0011i00001O8XU1AAN,2022-02-09,,,78,0
0061i00000SRgUEAA1,0011i00001O8ggMAAR,2022-02-09,,,37,0
0061i00000SROOqAAP,0011i00001O8WquAAF,2022-02-09,2022-02-09,,76,0
0061i00000SRde9AAD,0011i00001O8fQ4AAJ,2022-02-09,2022-06-03,,69,0
0061i00000SRiLmAAL,0011i00001O8hn0AAB,2022-02-09,,,94,0
0061i00000SRldgAAD,0011i00001O8klYAAR,2022-02-09,,,62,0
0061i00000SRnj9AAD,0011i00001O8nusAAB,2022-02-09,,,30,0
0061i00000SRlHkAAL,0011i00001O8kXvAAJ,2022-02-09,2022-02-09,,39,0
0061i00000SRgy1AAD,0011i00001O8h0eAAB,2022-02-09,2022-02-09,,92,0
0061i00000SRQmfAAH,0011i00001O8YGkAAN,2022-02-09,2022-02-09,,71,0
0061i00000SRo8uAAD,0011i00001O8oegAAB,2022-02-09,2022-02-09,,73,0
0061i00000SRh43AAD,0011i00001O8h65AAB,2022-02-09,2022-02-10,2022-02-10,86,0
0061i00000SRMDbAAP,0011i00001O8VrKAAV,2022-02-09,2022-02-09,,51,0
0061i00000SRPTmAAP,0011i00001O8XL5AAN,2022-02-09,2022-02-09,,75,0
0061i00000SReWkAAL,0011i00001O8flrAAB,2022-02-09,2022-02-09,,39,0
0061i00000SRnj9AAD,0011i00001O8nusAAB,2022-02-09,,,30,1
0061i00000SRRQVAA5,0011i00001O8YfSAAV,2022-02-09,2022-02-09,,80,0
0061i00000SROmCAAX,0011i00001O8YIPAA3,2022-02-09,2022-02-09,2022-02-21,38,0
0061i00000SRomrAAD,0011i00001O8pmkAAB,2022-02-09,,,67,0
0061i00000SRiLkAAL,0011i00001O8hmzAAB,2022-02-09,,,51,0
0061i00000SRRQVAA5,0011i00001O8YfSAAV,2022-02-09,2022-02-09,,80,0
0061i00000SRix4AAD,0011i00001O8iKXAAZ,2022-02-09,,,58,0
0061i00000SRomrAAD,0011i00001O8pmkAAB,2022-02-09,,,67,0
0061i00000SRkYfAAL,0011i00001O8jkoAAB,2022-02-09,2022-02-09,,40,0
0061i00000SRlRgAAL,0011i00001O8keRAAR,2022-02-09,,,48,0
0061i00000SRRwPAAX,0011i00001O8ZBYAA3,2022-02-09,,,40,0
0061i00000SRRQBAA5,0011i00001O8YeKAAV,2022-02-09,2022-02-09,2022-02-09,38,0
0061i00000SRmexAAD,0011i00001O8mL8AAJ,2022-02-09,2022-02-10,,48,0
0061i00000SRPaJAAX,0011i00001O8XaMAAV,2022-02-09,,,95,0
0061i00000SReczAAD,0011i00001O8fryAAB,2022-02-09,2022-02-09,,80,0
0061i00000SRWdQAAX,0011i00001O8cWdAAJ,2022-02-09,2022-02-09,,48,0
0061i00000SRltZAAT,0011i00001O8l9YAAR,2022-02-09,2022-02-09,2022-02-09,40,0
0061i00000SRegJAAT,0011i00001O8gODAAZ,2022-02-09,2022-02-09,,65,0
0061i00000SReXcAAL,0011i00001O8gh5AAB,2022-02-09,2022-02-09,2022-02-09,69,0
0061i00000SRmhgAAD,0011i00001O8m8YAAR,2022-02-09,2022-02-09,,80,0
0061i00000SRQ4yAAH,0011i00001O8YPXAA3,2022-02-09,2022-02-09,2022-02-09,91,0
0061i00000SRna8AAD,0011i00001O8nw6AAB,2022-02-09,2022-02-09,,67,0
0061i00000SROC6AAP,0011i00001O8WlkAAF,2022-02-09,,,78,0
0061i00000U4ANMAA3,0011i00001O8fgTAAR,2022-02-09,2022-04-06,,56,0
0061i00000SRR7TAAX,0011i00001O8YUcAAN,2022-02-09,2022-02-09,2022-02-09,95,0
0061i00000SRiMEAA1,0011i00001O8hpeAAB,2022-02-09,2022-02-09,,47,0
0061i00000SRhs1AAD,0011i00001O8heNAAR,2022-02-09,2022-02-09,2022-02-09,62,0
0061i00000SRQPtAAP,0011i00001O8Y9VAAV,2022-02-09,2022-02-09,,90,0
0061i00000SRoXqAAL,0011i00001O8pH0AAJ,2022-02-09,2022-02-09,,67,0
0061i00000SRie0AAD,0011i00001O8iW1AAJ,2022-02-09,2022-02-09,,46,0
0061i00000SRlFjAAL,0011i00001O8kUSAAZ,2022-02-09,2022-02-09,,93,0
0061i00000SRq5YAAT,0011i00001O8sjyAAB,2022-02-09,2022-02-10,,57,0
0061i00000SRiNHAA1,0011i00001O8hvOAAR,2022-02-09,2022-02-09,,41,0
0061i00000SRQnnAAH,0011i00001O8YNKAA3,2022-02-09,,,45,0
0061i00000SRSCGAA5,0011i00001O8Z7mAAF,2022-02-09,2022-02-09,2022-02-09,93,0
0061i00000SRmiKAAT,0011i00001O8mC3AAJ,2022-02-09,2022-02-09,2022-02-09,98,0
0061i00000SRouzAAD,0011i00001O8ppYAAR,2022-02-09,2022-02-09,,43,0
0061i00000SRle5AAD,0011i00001O8ktaAAB,2022-02-09,2022-02-09,,32,0
006AZ000002MS6QYAW,0011i00001O8fgTAAR,2022-02-09,2022-10-31,,65,0
0061i00000SRfDHAA1,0011i00001O8g40AAB,2022-02-09,2022-02-09,2022-02-10,81,0
0061i00000SRiLfAAL,0011i00001O8hmuAAB,2022-02-09,,,52,0
0061i00000SRQ4LAAX,0011i00001O8YGaAAN,2022-02-09,2022-02-09,,65,0
0061i00000SRWHOAA5,0011i00001O8ZQaAAN,2022-02-09,,,78,0
0061i00000SRSUnAAP,0011i00001O8ZCVAA3,2022-02-09,2022-02-09,2022-02-09,85,0
0061i00000SRoZ8AAL,0011i00001O8pR2AAJ,2022-02-09,2022-02-10,2022-02-10,44,0
0061i00000TjWURAA3,0011i00001O8pR2AAJ,2022-02-09,2022-03-22,,44,0
0061i00000SRTSQAA5,0011i00001O8ZtEAAV,2022-02-09,2022-02-09,2022-02-09,52,0
0061i00000SRehHAAT,0011i00001O8g8TAAR,2022-02-09,2022-02-09,,54,0
0061i00000SRWWdAAP,0011i00001O8bggAAB,2022-02-09,2022-02-09,,46,0
0061i00000SRlHzAAL,0011i00001O8jutAAB,2022-02-09,2022-02-09,,98,0
0061i00000SRewIAAT,0011i00001O8hAqAAJ,2022-02-09,,,91,0
0061i00000SRUwAAAX,0011i00001O8atyAAB,2022-02-09,2022-02-09,2022-02-09,68,0
0061i00000SRjftAAD,0011i00001O8kWiAAJ,2022-02-09,2022-02-09,,69,0
0061i00000SRbe0AAD,0011i00001O8eCtAAJ,2022-02-09,,,59,0
0061i00000SROmCAAX,0011i00001O8YIPAA3,2022-02-09,2022-02-09,2022-02-21,38,0
0061i00000SRbe0AAD,0011i00001O8eCtAAJ,2022-02-09,,,59,0
0061i00000SRnyTAAT,0011i00001O8oHPAAZ,2022-02-09,2022-02-09,2022-02-09,30,1
0061i00000SRQoCAAX,0011i00001O8YPNAA3,2022-02-09,2022-02-09,,82,0
0061i00000SRYggAAH,0011i00001O8cloAAB,2022-02-09,2022-02-09,,69,0
0061i00000SRecgAAD,0011i00001O8fACAAZ,2022-02-09,2022-02-09,,94,0
0061i00000SRltKAAT,0011i00001O8l8pAAB,2022-02-09,2022-02-09,,83,0
0061i00000SRbQYAA1,0011i00001O8e74AAB,2022-02-09,2022-02-11,2022-02-11,53,0
0061i00000SRmBsAAL,0011i00001O8kxfAAB,2022-02-09,2022-02-09,,82,0
0061i00000SRMfgAAH,0011i00001O8W56AAF,2022-02-09,,,43,0
0061i00000SRnyTAAT,0011i00001O8oHPAAZ,2022-02-09,2022-02-09,2022-02-09,30,0
0061i00000SRmU3AAL,0011i00001O8lvjAAB,2022-02-09,2022-02-09,,51,0
0061i00000SRTULAA5,0011i00001O8afSAAR,2022-02-09,,,70,0
0061i00000SRYH3AAP,0011i00001O8cZDAAZ,2022-02-09,2022-02-09,2022-02-10,34,0
0061i00000SRUzxAAH,0011i00001O8avwAAB,2022-02-09,2022-02-09,,71,0
0061i00000SRiMsAAL,0011i00001O8hrvAAB,2022-02-09,2022-02-09,,41,0
0061i00000SRispAAD,0011i00001O8iDrAAJ,2022-02-09,2022-02-09,,75,0
0061i00000SRldbAAD,0011i00001O8klJAAR,2022-02-09,2022-02-09,,30,0
0061i00000SRap4AAD,0011i00001O8dpzAAB,2022-02-09,2022-02-09,,80,0
0061i00000SRmTyAAL,0011i00001O8luvAAB,2022-02-09,2022-02-09,,46,0
0061i00000SRoOUAA1,0011i00001O8opCAAR,2022-02-09,2022-02-09,,95,0
0061i00000SSILRAA5,0011i00001O9FeXAAV,2022-02-10,2022-02-10,,81,0
0061i00000SSHAmAAP,0011i00001O9F4DAAV,2022-02-10,2022-02-10,,67,0
0061i00000SSINhAAP,0011i00001O9FiLAAV,2022-02-10,,,35,0
0061i00000SSQouAAH,0011i00001O9KtCAAV,2022-02-10,2022-02-10,2022-02-10,34,0
0061i00000SSQgXAAX,0011i00001O9KpoAAF,2022-02-10,2022-02-10,,97,0
0061i00000SSINcAAP,0011i00001O9FkQAAV,2022-02-10,,,33,0
0061i00000SSSXNAA5,0011i00001O9MNZAA3,2022-02-10,2022-02-10,,97,0
0061i00000SS7r3AAD,0011i00001O98JdAAJ,2022-02-10,2022-02-10,2022-02-10,65,0
0061i00000SSM62AAH,0011i00001O9I3SAAV,2022-02-10,,,38,0
0061i00000SSSXSAA5,0011i00001O9MNtAAN,2022-02-10,2022-02-10,,37,0
0061i00000SSMe8AAH,0011i00001O9HwOAAV,2022-02-10,,,38,0
0061i00000SSFVZAA5,0011i00001O9EPYAA3,2022-02-10,2022-02-10,,94,0
0061i00000SSPKcAAP,0011i00001O9JYzAAN,2022-02-10,2022-02-10,,62,0
0061i00000SS7IfAAL,0011i00001O96fWAAR,2022-02-10,2022-02-10,2022-02-11,79,0
0061i00000SSSQWAA5,0011i00001O9MInAAN,2022-02-10,,,56,0
0061i00000SSSJoAAP,0011i00001O9MCFAA3,2022-02-10,2022-02-10,,48,0
0061i00000SRz2iAAD,0011i00001O92ZwAAJ,2022-02-10,,,78,0
0061i00000SS2oLAAT,0011i00001O94SJAAZ,2022-02-10,2022-02-10,,65,0
0061i00000SSGa4AAH,0011i00001O9EkTAAV,2022-02-10,2022-02-10,,30,0
0061i00000SSR2iAAH,0011i00001O9L8RAAV,2022-02-10,2022-02-10,,46,0
0061i00000SSSi6AAH,0011i00001O9MTuAAN,2022-02-10,2022-02-10,,45,0
0061i00000SSIMtAAP,0011i00001O9FhgAAF,2022-02-10,2022-02-10,,48,0
0061i00000SSK65AAH,0011i00001O9FhgAAF,2022-02-10,2022-02-10,,35,0
0061i00000SSPkgAAH,0011i00001O9Jw9AAF,2022-02-10,2022-02-10,,33,0
0061i00000SSAEHAA5,0011i00001O98bMAAR,2022-02-10,2022-02-10,,78,0
0061i00000SS4hHAAT,0011i00001O95SwAAJ,2022-02-10,2022-02-10,,79,0
0061i00000SSJXnAAP,0011i00001O9GIoAAN,2022-02-10,2022-02-10,,46,0
0061i00000SSS64AAH,0011i00001O9M3lAAF,2022-02-10,2022-05-05,,36,0
0061i00000SSKEDAA5,0011i00001O9GdNAAV,2022-02-10,2022-02-10,,59,0
0061i00000SSA5CAAX,0011i00001O98fhAAB,2022-02-10,2022-02-10,,86,0
0061i00000SSRSpAAP,0011i00001O9LX1AAN,2022-02-10,2022-05-06,,52,0
0061i00000SSM4vAAH,0011i00001O9IHxAAN,2022-02-10,2022-02-10,2022-02-10,82,0
0061i00000SSLXwAAP,0011i00001O9HXOAA3,2022-02-10,2022-03-28,,87,0
0061i00000SS93wAAD,0011i00001O9825AAB,2022-02-10,2022-02-10,2022-02-10,57,0
0061i00000SS8TUAA1,0011i00001O97lvAAB,2022-02-10,2022-02-10,,96,0
0061i00000SSNDhAAP,0011i00001O9IFRAA3,2022-02-10,2022-02-10,,67,0
0061i00000SSHGrAAP,0011i00001O9FLRAA3,2022-02-10,2022-02-10,,58,0
0061i00000SSSiBAAX,0011i00001O9MUxAAN,2022-02-10,2022-02-10,2022-02-10,51,0
0061i00000SSR1AAAX,0011i00001O9KxBAAV,2022-02-10,2022-02-10,,48,0
0061i00000SSHq6AAH,0011i00001O9GsaAAF,2022-02-10,2022-02-10,,56,0
0061i00000SSAfOAAX,0011i00001O98riAAB,2022-02-10,,,98,0
0061i00000SSD6kAAH,0011i00001O9A91AAF,2022-02-10,2022-02-10,,86,0
0061i00000SSBGuAAP,0011i00001O99EkAAJ,2022-02-10,2022-02-10,,89,0
0061i00000SS93NAAT,0011i00001O97xDAAR,2022-02-10,2022-11-07,,53,0
0061i00000SSPOzAAP,0011i00001O9FLRAA3,2022-02-10,2022-02-10,,40,0
0061i00000UXbE4AAL,0011i00001O9KSmAAN,2022-02-10,2022-05-04,2022-05-04,94,0
0061i00000SSy2QAAT,0011i00001O9FLRAA3,2022-02-10,2022-02-11,,34,0
0061i00000SSQtCAAX,0011i00001O9Ko1AAF,2022-02-10,2022-02-10,,32,0
0061i00000SSNMzAAP,0011i00001O9IblAAF,2022-02-10,2022-02-10,,73,0
0061i00000SSAMWAA5,0011i00001O98sMAAR,2022-02-10,2022-02-10,2022-03-11,68,0
0061i00000SSNmrAAH,0011i00001O9IeCAAV,2022-02-10,2022-02-10,2022-02-10,30,0
0061i00000SS8iMAAT,0011i00001O98LYAAZ,2022-02-10,,,53,0
0061i00000SSMe3AAH,0011i00001O9HwJAAV,2022-02-10,2022-02-10,2022-02-10,36,0
0061i00000SSKopAAH,0011i00001O9GtuAAF,2022-02-10,,,68,0
0061i00000SS2oBAAT,0011i00001O94REAAZ,2022-02-10,2022-02-10,,78,0
0061i00000SS3R8AAL,0011i00001O94PNAAZ,2022-02-10,2022-02-10,2022-02-28,82,0
0061i00000SS375AAD,0011i00001O94XAAAZ,2022-02-10,2022-02-10,,36,0
0061i00000SS3nnAAD,0011i00001O94oQAAR,2022-02-10,2022-02-10,,81,0
0061i00000SRzbTAAT,0011i00001O92vLAAR,2022-02-10,,,48,0
0061i00000SS9dkAAD,0011i00001O98IuAAJ,2022-02-10,2022-02-10,2022-02-10,54,0
0061i00000SSKopAAH,0011i00001O9GtuAAF,2022-02-10,,,68,0
0061i00000SSQ1JAAX,0011i00001O9K7wAAF,2022-02-10,2022-02-10,,38,0
0061i00000SS2qvAAD,0011i00001O94TRAAZ,2022-02-10,2022-03-01,,38,0
0061i00000SSM5NAAX,0011i00001O9HkiAAF,2022-02-10,2022-02-10,,65,0
0061i00000SS4b9AAD,0011i00001O95GIAAZ,2022-02-10,,,72,0
0061i00000SSQTnAAP,0011i00001O9KSOAA3,2022-02-10,2022-02-10,,34,0
0061i00000SSPL6AAP,0011i00001O9JcXAAV,2022-02-10,2022-02-10,2022-02-24,74,0
0061i00000SSRCOAA5,0011i00001O9LEiAAN,2022-02-10,2022-02-10,,53,0
0061i00000SSR1UAAX,0011i00001O9Ky6AAF,2022-02-10,2022-03-04,2022-03-10,54,0
0061i00000SSSXIAA5,0011i00001O9MKxAAN,2022-02-10,2022-02-10,,95,0
0061i00000SSQ1JAAX,0011i00001O9K7wAAF,2022-02-10,2022-02-10,,38,0
0061i00000SSCUvAAP,0011i00001O99lfAAB,2022-02-10,2022-02-10,,84,0
0061i00000SSQK1AAP,0011i00001O9KSmAAN,2022-02-10,2022-02-10,2022-02-10,44,0
0061i00000SSSw6AAH,0011i00001O9MnDAAV,2022-02-10,2022-02-10,,50,0
0061i00000SS9ItAAL,0011i00001O98CEAAZ,2022-02-10,2022-02-10,,90,0
0061i00000SSM5XAAX,0011i00001O9HksAAF,2022-02-10,2022-02-10,2022-02-10,39,0
0061i00000SSJY2AAP,0011i00001O9GItAAN,2022-02-10,2022-02-10,2022-02-10,86,0
0061i00000SSFMhAAP,0011i00001O9El7AAF,2022-02-10,2022-02-10,,53,0
0061i00000SS8T5AAL,0011i00001O97kTAAR,2022-02-10,2022-02-10,,95,0
0061i00000SS8SMAA1,0011i00001O977EAAR,2022-02-10,2022-02-10,2022-02-10,62,0
0061i00000SS5wDAAT,0011i00001O965nAAB,2022-02-10,2022-02-10,,91,0
0061i00000SSLVUAA5,0011i00001O9HMZAA3,2022-02-10,2022-02-10,,39,0
0061i00000SS9fCAAT,0011i00001O98NDAAZ,2022-02-10,2022-02-10,,73,0
0061i00000SSJYbAAP,0011i00001O9GJwAAN,2022-02-10,,,73,0
0061i00000SS4h7AAD,0011i00001O95VsAAJ,2022-02-10,,,70,0
0061i00000UAiajAAD,0011i00001O9IegAAF,2022-02-10,2022-04-15,,96,0
0061i00000SSNn6AAH,0011i00001O9IegAAF,2022-02-10,2022-02-10,2022-02-14,83,0
0061i00000SS2E8AAL,0011i00001O949HAAR,2022-02-10,2022-02-10,,97,0
0061i00000SS5vKAAT,0011i00001O9630AAB,2022-02-10,,,87,0
0061i00000SS1TTAA1,0011i00001O93vUAAR,2022-02-10,2022-02-10,,83,0
0061i00000SSK5LAAX,0011i00001O9GWFAA3,2022-02-10,2022-02-10,,74,0
0061i00000SS93SAAT,0011i00001O97xSAAR,2022-02-10,2022-02-10,2022-02-10,100,0
0061i00000SSOrkAAH,0011i00001O9IzUAAV,2022-02-10,2022-02-10,,30,0
0061i00000SSSyCAAX,0011i00001O9NAxAAN,2022-02-10,,,86,0
0061i00000SSNEQAA5,0011i00001O9IIHAA3,2022-02-10,2022-02-10,,87,0
0061i00000SS9IZAA1,0011i00001O98tIAAR,2022-02-10,2022-02-10,2022-02-10,90,0
0061i00000SSQ0PAAX,0011i00001O9K20AAF,2022-02-10,,,82,0
0061i00000SSNj5AAH,0011i00001O9IZuAAN,2022-02-10,2022-02-10,,35,0
0061i00000SSQN7AAP,0011i00001O9KXqAAN,2022-02-10,,,63,0
0061i00000SSQIFAA5,0011i00001O9KJ9AAN,2022-02-10,2022-02-10,,75,0
006AZ000002BTVnYAO,0011i00001O9Ky6AAF,2022-02-10,2022-05-24,2022-05-30,55,0
0061i00000SSMReAAP,0011i00001O9IJtAAN,2022-02-10,2022-02-10,,63,0
0061i00000SSBPCAA5,0011i00001O99WZAAZ,2022-02-10,2022-02-10,2022-02-10,44,0
0061i00000SSf8NAAT,0011i00001O9VMLAA3,2022-02-11,2022-02-11,2022-02-11,77,0
0061i00000SSvkhAAD,0011i00001O9gSaAAJ,2022-02-11,2022-02-11,,77,0
0061i00000SSvkhAAD,0011i00001O9gSaAAJ,2022-02-11,2022-02-11,,77,0
0061i00000SSiStAAL,0011i00001O9YdtAAF,2022-02-11,2022-02-11,2022-02-11,53,0
0061i00000SStzjAAD,0011i00001O9fJeAAJ,2022-02-11,2022-02-11,,85,0
0061i00000SScaqAAD,0011i00001O9Uo2AAF,2022-02-11,2022-02-11,,94,0
0061i00000SSzoHAAT,0011i00001O9iaWAAR,2022-02-11,2022-02-11,,36,0
0061i00000SSff9AAD,0011i00001O9VZdAAN,2022-02-11,2022-02-11,2022-02-11,57,0
0061i00000SSf1nAAD,0011i00001O9VFXAA3,2022-02-11,,,51,0
0061i00000SSffJAAT,0011i00001O9Va2AAF,2022-02-11,2022-02-11,2022-02-11,79,0
0061i00000SSeNdAAL,0011i00001O9UaUAAV,2022-02-11,,,30,0
0061i00000SScwcAAD,0011i00001O9TrwAAF,2022-02-11,2022-02-11,,40,0
0061i00000SSgKDAA1,0011i00001O9Xa9AAF,2022-02-11,2022-02-11,,39,0
0061i00000SSh92AAD,0011i00001O9XSVAA3,2022-02-11,,,60,0
0061i00000SSZwPAAX,0011i00001O9VI0AAN,2022-02-11,2022-02-11,,49,0
0061i00000SSf0uAAD,0011i00001O9V9QAAV,2022-02-11,2022-02-11,,44,0
0061i00000SSlWCAA1,0011i00001O9aQ6AAJ,2022-02-11,,,48,0
0061i00000ST44aAAD,0011i00001O9lYzAAJ,2022-02-11,2022-02-11,,51,0
0061i00000ST4l5AAD,0011i00001O9mGrAAJ,2022-02-11,2022-02-11,2022-10-24,75,0
0061i00000ST3QuAAL,0011i00001O9l3RAAR,2022-02-11,2022-02-11,,40,0
0061i00000SSnf0AAD,0011i00001O9bM7AAJ,2022-02-11,2022-02-11,,57,0
0061i00000SSoIMAA1,0011i00001O9bf1AAB,2022-02-11,2022-02-11,2022-02-11,97,0
0061i00000SSlSsAAL,0011i00001O9ahsAAB,2022-02-11,2022-02-11,2022-02-11,64,0
0061i00000SSrgSAAT,0011i00001O9e3BAAR,2022-02-11,,,99,0
0061i00000SSj29AAD,0011i00001O9YpgAAF,2022-02-11,2022-02-11,,34,0
0061i00000SSm2HAAT,0011i00001O9aUGAAZ,2022-02-11,2022-02-11,,37,0
0061i00000SSi6gAAD,0011i00001O9XltAAF,2022-02-11,,,89,0
0061i00000SSoGLAA1,0011i00001O9begAAB,2022-02-11,2022-02-11,,59,0
0061i00000SSnfFAAT,0011i00001O9bMvAAJ,2022-02-11,2022-02-11,2022-02-11,57,0
0061i00000SSnqPAAT,0011i00001O9bw3AAB,2022-02-11,2022-02-11,,38,0
0061i00000ST13tAAD,0011i00001O9j8qAAB,2022-02-11,,,34,0
0061i00000SSn2NAAT,0011i00001O9aySAAR,2022-02-11,2022-02-11,,61,0
0061i00000SSw42AAD,0011i00001O9iN5AAJ,2022-02-11,2022-02-11,,77,0
0061i00000ST3f6AAD,0011i00001O9lGbAAJ,2022-02-11,,,62,0
0061i00000ST1PGAA1,0011i00001O9jTCAAZ,2022-02-11,2022-02-11,,82,0
0061i00000SSy2VAAT,0011i00001O9hXTAAZ,2022-02-11,2022-02-11,2022-02-11,57,0
0061i00000SSucVAAT,0011i00001O9fhsAAB,2022-02-11,,,57,0
0061i00000SSzWMAA1,0011i00001O9iMHAAZ,2022-02-11,2022-04-26,2022-04-26,71,0
0061i00000ST2fVAAT,0011i00001O9kM1AAJ,2022-02-11,2022-02-11,2022-02-11,72,0
0061i00000SSzmIAAT,0011i00001O9irJAAR,2022-02-11,2022-02-11,,72,0
0061i00000SSwY4AAL,0011i00001O9gkSAAR,2022-02-11,,,71,0
0061i00000SSz2lAAD,0011i00001O9i68AAB,2022-02-11,,,54,0
0061i00000SSyXoAAL,0011i00001O9hrAAAR,2022-02-11,2022-02-11,,96,0
0061i00000SSePKAA1,0011i00001O9UwlAAF,2022-02-11,2022-02-11,,90,0
0061i00000SSdj0AAD,0011i00001O9TtsAAF,2022-02-11,,,87,0
0061i00000SSffxAAD,0011i00001O9VcVAAV,2022-02-11,2022-02-11,,66,0
0061i00000SSsGRAA1,0011i00001O9fMHAAZ,2022-02-11,2022-02-11,,51,0
0061i00000SSz2gAAD,0011i00001O9i63AAB,2022-02-11,2022-02-11,,60,0
0061i00000ST3QkAAL,0011i00001O9l2iAAB,2022-02-11,2022-02-11,,55,0
0061i00000SSmZkAAL,0011i00001O9akiAAB,2022-02-11,2022-02-11,,93,0
0061i00000ST3R9AAL,0011i00001O9l5IAAR,2022-02-11,2022-02-11,,46,0
0061i00000ST4g6AAD,0011i00001O9mD4AAJ,2022-02-11,2022-02-11,,79,0
0061i00000SSurqAAD,0011i00001O9g2qAAB,2022-02-11,,,57,0
0061i00000SSjqDAAT,0011i00001O9ZPOAA3,2022-02-11,2022-02-11,,85,0
0061i00000SbmXmAAJ,0011i00001OQpnzAAD,2022-02-12,2022-02-12,2022-02-12,40,0
0061i00000SeHx1AAF,0011i00001ORNSvAAP,2022-02-14,2022-02-16,2022-02-16,62,0
0061i00000ScX55AAF,0011i00001ORMtdAAH,2022-02-14,2022-02-14,2022-02-14,49,0
006AZ000002CEHuYAO,0011i00001ORMtdAAH,2022-02-14,,,90,0
0061i00000ScMARAA3,0011i00001ORGirAAH,2022-02-14,2022-02-14,2022-02-14,65,0
0061i00000ScYpaAAF,0011i00001ORNN3AAP,2022-02-14,2022-02-14,2022-02-23,51,0
0061i00000ScXseAAF,0011i00001ORNE8AAP,2022-02-14,2022-02-14,,45,0
0061i00000ScYAVAA3,0011i00001ORNeTAAX,2022-02-14,2022-02-14,2022-02-14,87,0
0061i00000ScSUGAA3,0011i00001ORK1lAAH,2022-02-14,2022-02-14,2022-02-17,69,0
0061i00000ScZ8dAAF,0011i00001ORNkzAAH,2022-02-14,,,86,0
0061i00000SceqyAAB,0011i00001ORQRLAA5,2022-02-14,2022-02-14,,92,0
0061i00000ScjS6AAJ,0011i00001ORTsBAAX,2022-02-14,2022-02-14,2022-02-14,50,0
0061i00000ScKeoAAF,0011i00001ORFy4AAH,2022-02-14,2022-02-14,,45,0
0061i00000ScISgAAN,0011i00001ORExyAAH,2022-02-14,2022-02-14,2022-02-14,64,0
0061i00000ScIROAA3,0011i00001ORErXAAX,2022-02-14,2022-02-14,,53,0
0061i00000ScFU1AAN,0011i00001ORD56AAH,2022-02-14,2022-02-14,2022-02-14,37,0
0061i00000ScLP1AAN,0011i00001ORGMtAAP,2022-02-14,2022-02-14,,81,0
0061i00000ScLPVAA3,0011i00001ORGNNAA5,2022-02-14,2022-02-14,,31,0
0061i00000ScjcVAAR,0011i00001ORTwkAAH,2022-02-14,,,49,0
0061i00000UNS61AAH,0011i00001ORGWaAAP,2022-02-14,2022-04-12,2022-04-12,41,0
0061i00000ScL8MAAV,0011i00001ORGWaAAP,2022-02-14,2022-02-14,2022-02-28,70,0
0061i00000U2aHiAAJ,0011i00001ORGWaAAP,2022-02-14,,,72,0
0061i00000Sc7gOAAR,0011i00001OR8oUAAT,2022-02-14,2022-02-14,2022-02-14,63,0
0061i00000ScFWFAA3,0011i00001ORDOBAA5,2022-02-14,2022-02-14,,35,0
0061i00000ScM6UAAV,0011i00001ORGbtAAH,2022-02-14,2022-02-14,,55,0
0061i00000ScXplAAF,0011i00001ORNVrAAP,2022-02-14,,,91,0
0061i00000ScbfpAAB,0011i00001ORP5qAAH,2022-02-14,,,90,0
0061i00000UXbEYAA1,0011i00001ORLQ3AAP,2022-02-14,2022-05-04,2022-05-04,47,0
0061i00000ScUcDAAV,0011i00001ORLQ3AAP,2022-02-14,2022-02-14,2022-02-15,79,0
0061i00000ScSUVAA3,0011i00001ORK43AAH,2022-02-14,2022-02-14,,88,0
0061i00000UAfzcAAD,0011i00001ORDRfAAP,2022-02-14,,,82,0
0061i00000ScGlcAAF,0011i00001ORDRfAAP,2022-02-14,2022-02-14,2022-02-14,97,0
0061i00000ScjRrAAJ,0011i00001ORTq2AAH,2022-02-14,2022-02-14,2022-02-14,35,0
0061i00000Scg4AAAR,0011i00001ORSWgAAP,2022-02-14,2022-02-14,,79,0
0061i00000Scj1rAAB,0011i00001ORStfAAH,2022-02-14,2022-02-14,,82,0
0061i00000SciaBAAR,0011i00001ORT50AAH,2022-02-14,2022-02-14,,76,0
0061i00000SciVZAAZ,0011i00001ORT1fAAH,2022-02-14,2022-02-14,2022-02-14,46,0
0061i00000ScYEGAA3,0011i00001ORNSvAAP,2022-02-14,2022-02-14,,84,0
0061i00000ScbYNAAZ,0011i00001OROrcAAH,2022-02-14,2022-02-15,,57,0
0061i00000ScY9UAAV,0011i00001ORNFkAAP,2022-02-14,2022-02-14,,43,0
0061i00000ScXRSAA3,0011i00001ORMmEAAX,2022-02-14,2022-02-14,2022-02-14,49,0
0061i00000ScGvbAAF,0011i00001ORDeiAAH,2022-02-14,,,44,0
0061i00000ScEiBAAV,0011i00001ORCSFAA5,2022-02-14,2022-02-14,2022-02-15,35,0
0061i00000ScF16AAF,0011i00001ORCgXAAX,2022-02-14,2022-02-14,,82,0
0061i00000Sci07AAB,0011i00001ORSVJAA5,2022-02-14,2022-02-14,,77,0
0061i00000Scj1hAAB,0011i00001ORTZsAAP,2022-02-14,2022-02-14,,51,0
0061i00000SdJwBAAV,0011i00001ORvK3AAL,2022-02-15,2022-02-15,,72,0
0061i00000SdRZwAAN,0011i00001ORzFnAAL,2022-02-15,2022-02-15,,77,0
0061i00000Sd1YvAAJ,0011i00001ORkjZAAT,2022-02-15,2022-02-26,2022-02-26,60,0
0061i00000SdHtZAAV,0011i00001ORuLDAA1,2022-02-15,2022-02-15,,91,0
0061i00000SdU99AAF,0011i00001OS0uuAAD,2022-02-15,,,76,0
0061i00000Sd2zcAAB,0011i00001ORljoAAD,2022-02-15,2022-02-15,2022-02-16,39,0
006AZ000002j6GUYAY,0011i00001ORljoAAD,2022-02-15,,,69,0
006AZ000002lVMzYAM,0011i00001ORljoAAD,2022-02-15,2022-10-07,2022-10-10,93,0
0061i00000SdW8BAAV,0011i00001OS2Q9AAL,2022-02-15,,,30,1
0061i00000SdW8BAAV,0011i00001OS2Q9AAL,2022-02-15,,,30,0
0061i00000Sd2SsAAJ,0011i00001ORlYFAA1,2022-02-15,2022-02-15,,76,0
0061i00000Sd88bAAB,0011i00001ORozlAAD,2022-02-15,,,72,0
0061i00000SdFlCAAV,0011i00001ORtTxAAL,2022-02-15,,,55,0
0061i00000SdXn5AAF,0011i00001OS3SQAA1,2022-02-15,,,31,0
0061i00000SdP8YAAV,0011i00001ORxkIAAT,2022-02-15,2022-02-15,,60,0
0061i00000Sd2odAAB,0011i00001ORlfNAAT,2022-02-15,,,59,0
0061i00000SdUNgAAN,0011i00001OS19dAAD,2022-02-15,2022-02-15,,87,0
0061i00000Sd5DzAAJ,0011i00001ORnQ1AAL,2022-02-15,2022-02-15,,62,0
0061i00000SdTuQAAV,0011i00001OS0keAAD,2022-02-15,2022-02-15,2022-02-15,90,0
0061i00000SdUbxAAF,0011i00001OS1PvAAL,2022-02-15,2022-02-15,,45,0
0061i00000Sd4SZAAZ,0011i00001ORmvgAAD,2022-02-15,2022-02-15,,85,0
0061i00000Sd5xTAAR,0011i00001ORnjFAAT,2022-02-15,2022-02-15,,59,0
0061i00000Sd31hAAB,0011i00001ORlp3AAD,2022-02-15,,,32,0
0061i00000SeMntAAF,0011i00001OSTWqAAP,2022-02-16,,,32,0
0061i00000Se1RcAAJ,0011i00001OSJdEAAX,2022-02-16,2022-02-16,,87,0
0061i00000SeMkAAAV,0011i00001OSTPGAA5,2022-02-16,2022-02-16,2022-02-16,82,0
0061i00000SeMkAAAV,0011i00001OSTPGAA5,2022-02-16,2022-02-16,2022-02-16,82,0
0061i00000SeOBzAAN,0011i00001OSUbfAAH,2022-02-16,,,37,0
0061i00000SeJqiAAF,0011i00001OSR5RAAX,2022-02-16,2022-02-16,2022-02-16,66,0
0061i00000SeHTPAA3,0011i00001OSQSNAA5,2022-02-16,2022-02-16,,38,0
0061i00000SeFKqAAN,0011i00001OSPM1AAP,2022-02-16,2022-02-16,2022-02-16,80,0
0061i00000SeGf5AAF,0011i00001OSPwrAAH,2022-02-16,2022-02-16,2022-02-16,93,0
0061i00000SeGfeAAF,0011i00001OSQ0SAAX,2022-02-16,,,49,0
0061i00000SeNikAAF,0011i00001OSUHcAAP,2022-02-16,2022-02-16,,39,0
0061i00000SeJpfAAF,0011i00001OSRhgAAH,2022-02-16,2022-02-16,,71,0
0061i00000SeNqKAAV,0011i00001OSUIuAAP,2022-02-16,2022-02-16,,90,0
0061i00000SeNW8AAN,0011i00001OSU47AAH,2022-02-16,2022-02-16,,46,0
0061i00000Sdy2WAAR,0011i00001OSGIeAAP,2022-02-16,2022-02-16,2022-02-16,84,0
0061i00000SeQaIAAV,0011i00001OSWprAAH,2022-02-16,,,63,0
0061i00000SeQahAAF,0011i00001OSWwUAAX,2022-02-16,,,34,0
0061i00000Sf9vFAAR,0011i00001OSzWoAAL,2022-02-17,,,35,0
0061i00000SfA5vAAF,0011i00001OSzetAAD,2022-02-17,,,96,0
0061i00000Sf9w0AAB,0011i00001OSzaiAAD,2022-02-17,2022-03-22,,86,0
0061i00000SfAdrAAF,0011i00001OT0HiAAL,2022-02-17,2022-02-17,,51,0
0061i00000SfAdMAAV,0011i00001OT0HiAAL,2022-02-17,,,69,0
0061i00000SfAe6AAF,0011i00001OT0HiAAL,2022-02-17,2022-02-17,2022-02-17,40,0
0061i00000Sf9Z8AAJ,0011i00001OSzI1AAL,2022-02-17,,,67,0
0061i00000Sf97mAAB,0011i00001OSyujAAD,2022-02-17,2022-02-17,,41,0
0061i00000Sf9Z8AAJ,0011i00001OSzI1AAL,2022-02-17,,,67,0
0061i00000SfA6gAAF,0011i00001OSzimAAD,2022-02-17,,,58,0
0061i00000SfAHVAA3,0011i00001OSztyAAD,2022-02-17,2022-02-17,,46,0
0061i00000Sf8YXAAZ,0011i00001OSyOFAA1,2022-02-17,2022-02-17,2022-03-01,63,0
0061i00000Sf97mAAB,0011i00001OSyujAAD,2022-02-17,2022-02-17,,41,0
0061i00000Sf3VAAAZ,0011i00001OSvOJAA1,2022-02-17,2022-02-17,,99,0
0061i00000Sf8XtAAJ,0011i00001OSyKnAAL,2022-02-17,2022-02-17,,67,0
0061i00000Sf2OfAAJ,0011i00001OSumQAAT,2022-02-17,,,91,0
0061i00000Sf6MGAAZ,0011i00001OSwnJAAT,2022-02-17,2022-02-17,,56,0
0061i00000SoPrsAAF,0011i00001OTWiBAAX,2022-02-18,2022-02-22,,55,0
0061i00000SoJkSAAV,0011i00001OTT4aAAH,2022-02-18,2022-02-18,,37,0
0061i00000SfSeFAAV,0011i00001OTCmOAAX,2022-02-18,2022-02-18,,79,0
0061i00000SfRMUAA3,0011i00001OTCEIAA5,2022-02-18,2022-02-18,2022-02-18,74,0
0061i00000SfTxcAAF,0011i00001OTDhYAAX,2022-02-18,2022-02-18,2022-02-18,61,0
0061i00000SfPGtAAN,0011i00001OTBGKAA5,2022-02-18,2022-02-18,,83,0
0061i00000SoOzLAAV,0011i00001OTW5YAAX,2022-02-18,2022-02-18,,85,0
0061i00000SoPquAAF,0011i00001OTWeSAAX,2022-02-18,2022-02-18,2022-02-28,73,0
0061i00000SpwqsAAB,0011i00001OUTpxAAH,2022-02-21,,,58,0
0061i00000SqDkIAAV,0011i00001OUfjnAAD,2022-02-21,2022-02-21,,32,0
0061i00000SqSJcAAN,0011i00001OUmxbAAD,2022-02-21,2022-02-21,2022-02-21,54,0
0061i00000SqlLqAAJ,0011i00001OUxnyAAD,2022-02-21,2022-02-21,2022-02-21,77,0
0061i00000SrQPjAAN,0011i00001Ouf6OAAR,2022-02-22,2022-02-22,2022-02-22,100,0
0061i00000SsKJ6AAN,0011i00001OvFi9AAF,2022-02-22,,,44,0
0061i00000SsBLjAAN,0011i00001Ov9ccAAB,2022-02-22,,,33,0
0061i00000U2yHDAAZ,0011i00001OukVSAAZ,2022-02-22,2022-04-05,2022-04-05,56,0
0061i00000SsJdyAAF,0011i00001OvFENAA3,2022-02-22,2022-04-09,2022-04-11,75,0
0061i00000SrY2KAAV,0011i00001OukVSAAZ,2022-02-22,2022-02-22,2022-02-24,47,0
0061i00000SxBMeAAN,0011i00001Ovh9WAAR,2022-02-23,2022-02-24,,30,0
0061i00000SxBMeAAN,0011i00001Ovh9WAAR,2022-02-23,2022-02-24,,30,1
0061i00000SxVNGAA3,0011i00001Ovt6BAAR,2022-02-23,,,34,0
0061i00000SxsgHAAR,0011i00001Ow7saAAB,2022-02-23,2022-02-23,,42,0
0061i00000SxCvhAAF,0011i00001Ovhm4AAB,2022-02-23,2022-02-23,,94,0
0061i00000Sx3thAAB,0011i00001Ovbv7AAB,2022-02-23,2022-02-23,,72,0
0061i00000Sz7o3AAB,0011i00001Owz19AAB,2022-02-24,2022-02-24,2022-02-24,76,0
0061i00000SyxzJAAR,0011i00001OwtxAAAR,2022-02-24,2022-02-24,,90,0
0061i00000SywgcAAB,0011i00001OwsjOAAR,2022-02-24,2022-02-24,2022-02-24,66,0
0061i00000Sz29eAAB,0011i00001OwwBLAAZ,2022-02-24,2022-02-24,,79,0
0061i00000Sz7TLAAZ,0011i00001OwypOAAR,2022-02-24,2022-02-24,2022-02-24,99,0
0061i00000SzaBdAAJ,0011i00001OxJedAAF,2022-02-25,2022-02-25,2022-02-25,62,0
0061i00000T0RevAAF,0011i00001Oxu0vAAB,2022-02-25,2022-02-25,,54,0
0061i00000T0OR4AAN,0011i00001OxrVaAAJ,2022-02-25,2022-02-25,,82,0
0061i00000UVdzaAAD,0011i00001OxQYBAA3,2022-02-25,2022-04-27,,52,0
0061i00000SzkYcAAJ,0011i00001OxQYBAA3,2022-02-25,2022-03-02,2022-03-02,48,0
0061i00000UVdzaAAD,0011i00001OxQYBAA3,2022-02-25,2022-04-27,,52,0
0061i00000SzkYcAAJ,0011i00001OxQYBAA3,2022-02-25,2022-03-02,2022-03-02,48,0
0061i00000T0J0KAAV,0011i00001OxncTAAR,2022-02-25,2022-03-19,,67,0
0061i00000T0PHAAA3,0011i00001Oxs5EAAR,2022-02-25,2022-02-25,,82,0
0061i00000T0lfIAAR,0011i00001OyAYuAAN,2022-02-26,2022-02-26,,43,0
0061i00000T51p5AAB,0011i00001OyD4XAAV,2022-02-26,2022-02-26,,92,0
0061i00000T6dG4AAJ,0011i00001P3VExAAN,2022-02-28,2022-02-28,2022-03-28,76,0
0061i00000T6dG4AAJ,0011i00001P3VExAAN,2022-02-28,2022-02-28,2022-03-28,76,0
0061i00000T6eeZAAR,0011i00001P3WEBAA3,2022-02-28,2022-02-28,2022-02-28,45,0
0061i00000T7SdiAAF,0011i00001P41FuAAJ,2022-03-01,2022-03-01,2022-03-01,78,0
0061i00000T79J5AAJ,0011i00001P3ql6AAB,2022-03-01,,,39,0
006AZ000002C1dbYAC,0011i00001P41FuAAJ,2022-03-01,2022-05-25,2022-05-28,100,0
0061i00000T7SLDAA3,0011i00001P411FAAR,2022-03-01,2022-03-01,,57,0
0061i00000T7IdyAAF,0011i00001P3w4QAAR,2022-03-01,,,70,0
0061i00000T7TjzAAF,0011i00001P43h1AAB,2022-03-01,2022-03-01,2022-03-01,51,0
0061i00000T8JJlAAN,0011i00001P4UvEAAV,2022-03-02,2022-03-02,2022-03-02,42,0
0061i00000T8I6FAAV,0011i00001P4UAUAA3,2022-03-02,2022-03-02,,43,0
0061i00000T8oqdAAB,0011i00001P4sQiAAJ,2022-03-03,2022-03-03,2022-03-07,95,0
0061i00000T8qNjAAJ,0011i00001P4t7DAAR,2022-03-03,2022-03-03,2022-03-03,67,0
0061i00000T9AKeAAN,0011i00001P52uQAAR,2022-03-03,2022-06-01,,34,0
0061i00000TQgfeAAD,0011i00001P5VG4AAN,2022-03-04,2022-03-04,2022-03-04,75,0
0061i00000TQRbcAAH,0011i00001P5MicAAF,2022-03-04,2022-03-04,2022-03-04,85,0
0061i00000TQGSSAA5,0011i00001P5HR4AAN,2022-03-04,2022-03-04,2022-03-04,97,0
0061i00000TReL5AAL,0011i00001P6TuDAAV,2022-03-07,,,62,0
0061i00000TReL5AAL,0011i00001P6TuDAAV,2022-03-07,,,62,0
0061i00000TRvOpAAL,0011i00001P6cwKAAR,2022-03-07,2022-03-07,,61,0
0061i00000TSMlNAAX,0011i00001PW7D5AAL,2022-03-08,2022-03-08,,39,0
0061i00000TYR6VAAX,0011i00001PXJOzAAP,2022-03-10,2022-03-10,,53,0
0061i00000TTmq4AAD,0011i00001PX4e1AAD,2022-03-10,,,65,0
0061i00000TU4vMAAT,0011i00001PXD6NAAX,2022-03-10,2022-03-10,2022-03-10,42,0
0061i00000Ta0k1AAB,0011i00001PYTnIAAX,2022-03-14,2022-03-14,2022-03-14,56,0
0061i00000TZzxOAAT,0011i00001PYTOdAAP,2022-03-14,2022-03-14,,59,0
0061i00000TZzxOAAT,0011i00001PYTOdAAP,2022-03-14,2022-03-14,,59,0
0061i00000Ta0k1AAB,0011i00001PYTnIAAX,2022-03-14,2022-03-14,2022-03-14,56,0
0061i00000TbAAcAAN,0011i00001PZCKoAAP,2022-03-15,,,38,0
0061i00000TbevwAAB,0011i00001PZVRjAAP,2022-03-16,2022-06-21,2022-06-21,55,0
0061i00000TbubFAAR,0011i00001PZdvUAAT,2022-03-16,2022-05-24,,30,0
0061i00000TgrHZAAZ,0011i00001Pa8SuAAJ,2022-03-17,2022-03-17,,39,0
0061i00000ThkOaAAJ,0011i00001Q46KEAAZ,2022-03-19,2022-03-19,,50,0
0061i00000TinHHAAZ,0011i00001Q53XMAAZ,2022-03-21,2022-03-21,,53,0
0061i00000Tii3ZAAR,0011i00001Q4ts2AAB,2022-03-21,2022-03-21,,32,0
0061i00000Tio5eAAB,0011i00001Q548BAAR,2022-03-21,2022-03-21,,53,0
0061i00000TiPNZAA3,0011i00001Q4kvNAAR,2022-03-21,2022-03-21,,66,0
0061i00000Tk9XqAAJ,0011i00001Q5srMAAR,2022-03-23,2022-03-23,,70,0
0061i00000Tthp3AAB,0011i00001Q6bsRAAR,2022-03-25,2022-03-25,,31,0
0061i00000TwnN3AAJ,0011i00001QY1KDAA1,2022-03-31,2022-03-31,2022-03-31,68,0
0061i00000UVM26AAH,0011i00001QY1KDAA1,2022-03-31,,,44,0
0061i00000UVaH5AAL,0011i00001QY1KDAA1,2022-03-31,,,66,0
0061i00000UXULEAA5,0011i00001QY1KDAA1,2022-03-31,,,56,0
0061i00000UVTHSAA5,0011i00001QY1KDAA1,2022-03-31,2022-04-27,,95,0
0061i00000UVa0GAAT,0011i00001QY1KDAA1,2022-03-31,,,79,0
0061i00000UVxJBAA1,0011i00001QY1KDAA1,2022-03-31,2022-04-28,2022-04-28,35,0
0061i00000TxQjoAAF,0011i00001QYT4JAAX,2022-04-01,2022-04-01,2022-04-01,37,0
0061i00000TxLu2AAF,0011i00001QYPkvAAH,2022-04-01,2022-06-28,,60,0
0061i00000U3bZBAAZ,0011i00001QaS6bAAF,2022-04-05,,,76,0
0061i00000U49TyAAJ,0011i00001QarpHAAR,2022-04-06,2022-04-06,,43,0
0061i00000U4OlhAAF,0011i00001R0JtVAAV,2022-04-07,,,73,0
0061i00000UO6DsAAL,0011i00001R2BKwAAN,2022-04-12,,,58,0
0061i00000UNBL8AAP,0011i00001R1yoFAAR,2022-04-12,2022-04-12,,76,0
0061i00000UAlxPAAT,0011i00001RHBOgAAP,2022-04-14,,,46,0
0061i00000UAgC1AAL,0011i00001QngCHAAZ,2022-04-14,2022-04-14,2022-04-14,84,0
0061i00000UB4WGAA1,0011i00001RHkQoAAL,2022-04-15,2022-04-15,,71,0
0061i00000UC6f2AAD,0011i00001RIdZ8AAL,2022-04-19,2022-04-19,,35,0
0061i00000UDRSFAA5,0011i00001RJp8bAAD,2022-04-22,2022-04-22,2022-04-22,78,0
0061i00000UDwJBAA1,0011i00001RKPwUAAX,2022-04-25,2022-04-25,2022-04-25,59,0
0061i00000UXZ6GAAX,0011i00001RmExHAAV,2022-05-04,2022-05-04,,59,0
006AZ0000028SuFYAU,001AZ000002U2ykYAC,2022-05-09,2022-05-09,2022-05-09,94,0
006AZ00000294CRYAY,001AZ000002VHajYAG,2022-05-11,2022-05-11,2022-05-16,94,0
006AZ0000029rPuYAI,001AZ000002XNrlYAG,2022-05-16,2022-05-16,,98,0
006AZ000002AQrAYAW,001AZ000002YeYKYA0,2022-05-18,2022-05-18,,36,0
006AZ000002AcgCYAS,001AZ000002ZNp9YAG,2022-05-19,2022-05-19,,66,0
006AZ000002AcgCYAS,001AZ000002ZNp9YAG,2022-05-19,2022-05-19,,66,0
006AZ000002CCFwYAO,001AZ000002cbJbYAI,2022-05-25,2022-05-25,,47,0
006AZ000002CCFwYAO,001AZ000002cbJbYAI,2022-05-25,2022-05-25,,47,0
006AZ000002C9eAYAS,001AZ000002cY8nYAE,2022-05-25,2022-05-25,,79,0
006AZ000002Eh7nYAC,001AZ000002gPDRYA2,2022-05-31,2022-05-31,2022-05-31,58,0
006AZ000002KlzyYAC,001AZ000002q23PYAQ,2022-06-15,,,56,0
006AZ000002L1WuYAK,001AZ000002riUeYAI,2022-06-16,2022-06-16,,65,0
006AZ000002LpUOYA0,001AZ000002vGgcYAE,2022-06-21,2022-06-21,,93,0
006AZ000002MAy7YAG,001AZ000002wHakYAE,2022-06-23,2022-06-23,2022-06-23,100,0
006AZ000002Ni5gYAC,001AZ0000032b6zYAA,2022-07-01,,,65,0
006AZ000002OtJsYAK,001AZ0000035X5YYAU,2022-07-07,2022-07-07,,94,0
006AZ000002P8FBYA0,001AZ0000036In0YAE,2022-07-08,,,54,0
006AZ000002QaA6YAK,001AZ000003AYmKYAW,2022-07-18,,,56,0
006AZ000002RGfZYAW,001AZ000003C8RQYA0,2022-07-19,2022-07-27,2022-07-27,55,0
006AZ000002RGfZYAW,001AZ000003C8RQYA0,2022-07-19,2022-07-27,2022-07-27,55,0
006AZ000002S6MlYAK,001AZ000003DYBXYA4,2022-07-21,2022-07-21,2022-07-21,100,0
006AZ000002S2GAYA0,001AZ000003DOrPYAW,2022-07-21,2022-07-21,,42,0
006AZ000002TdeJYAS,001AZ000003KW5wYAG,2022-07-28,,,63,0
006AZ000002Trm5YAC,001AZ000003L17OYAS,2022-07-29,2022-07-29,2022-08-09,86,0
006AZ000002TtXUYA0,001AZ000003L3lRYAS,2022-07-29,2022-07-29,,33,0
006AZ000002TtXUYA0,001AZ000003L3lRYAS,2022-07-29,2022-07-29,,33,0
006AZ000002Trm5YAC,001AZ000003L17OYAS,2022-07-29,2022-07-29,2022-08-09,86,0
006AZ000002Uv8nYAC,001AZ000003O3TxYAK,2022-08-04,2022-08-04,2022-08-04,35,0
006AZ000002blE3YAI,001AZ000003O3TxYAK,2022-08-04,2022-09-05,2022-09-05,59,0
006AZ000002Wk1eYAC,001AZ000003SothYAC,2022-08-12,2022-09-22,,87,0
006AZ000002Wk1eYAC,001AZ000003SothYAC,2022-08-12,2022-09-22,,87,0
006AZ000002XA4aYAG,001AZ000003U5zeYAC,2022-08-15,,,67,0
006AZ000002XsXHYA0,001AZ000003VbUaYAK,2022-08-18,2022-08-18,,99,0
006AZ000002Y1FaYAK,001AZ000003VncBYAS,2022-08-18,2022-08-18,2022-08-18,46,0
006AZ000002ZJ1ZYAW,001AZ000003YxShYAK,2022-08-23,2022-08-23,,47,0
006AZ000002ZH5HYAW,001AZ000003YuSaYAK,2022-08-23,2022-08-23,2022-08-23,61,0
006AZ000002bDDSYA2,001AZ000003d61wYAA,2022-08-30,2022-09-12,2022-09-13,40,0
006AZ000002bJIHYA2,001AZ000003dESDYA2,2022-08-30,2022-08-30,,57,0
006AZ000002cmArYAI,001AZ000003gtjaYAA,2022-09-05,2022-09-05,,86,0
006AZ000002cpxtYAA,001AZ000003gyu6YAA,2022-09-05,2022-09-05,,68,0
006AZ000002cwHaYAI,001AZ000003hBXDYA2,2022-09-05,,,90,0
006AZ000002dY0ZYAU,001AZ000003iMaJYAU,2022-09-07,2022-09-07,,86,0
006AZ000002db0UYAQ,001AZ000003iQUkYAM,2022-09-07,2022-09-07,2022-09-07,88,0
006AZ000002f1vCYAQ,001AZ000003mTzVYAU,2022-09-13,,,86,0
006AZ000002etVCYAY,001AZ000003mHmaYAE,2022-09-13,2022-09-13,,45,0
006AZ000002jWX6YAM,001AZ000003wm4nYAA,2022-09-29,2022-09-29,2022-09-29,52,0
006AZ000002khEMYAY,001AZ000003zIMsYAM,2022-10-04,,,36,0
006AZ000002l78OYAQ,001AZ00000408YMYAY,2022-10-05,,,71,0
006AZ000002lhopYAA,001AZ0000041SmGYAU,2022-10-07,2022-10-07,2022-10-07,88,0
006AZ000002nfcCYAQ,001AZ0000045ZhNYAU,2022-10-13,,,33,0
006AZ000002nSd7YAE,001AZ0000045HE5YAM,2022-10-13,,,62,0
006AZ000002qAN6YAM,001AZ000004AZWNYA4,2022-10-21,,,38,0
006AZ000002qfxOYAQ,001AZ000004Bv5VYAS,2022-10-24,2022-10-24,2022-10-24,36,0
006AZ000002qfxOYAQ,001AZ000004Bv5VYAS,2022-10-24,2022-10-24,2022-10-24,36,0
006AZ000002qfUfYAI,001AZ000004BuLwYAK,2022-10-24,2022-10-24,2022-10-24,47,0
006AZ000002r5JuYAI,001AZ000004Cj7eYAC,2022-10-25,2022-10-25,2022-10-25,97,0
006AZ000002tgqpYAA,001AZ000004I6IdYAK,2022-11-04,,,51,0
006AZ000002uxBQYAY,001AZ000004LweDYAS,2022-11-08,2022-11-08,2022-11-08,64,0
006AZ000002wukpYAA,001AZ000004O8W1YAK,2022-11-14,2022-11-14,,30,0
006AZ000002wukpYAA,001AZ000004O8W1YAK,2022-11-14,2022-11-14,,30,1
006AZ000002x7FDYAY,001AZ000004OLXxYAO,2022-11-15,,,30,0
